,날짜,영화제목,영화평점
0,2022-01-01,코다,9.24
1,2022-01-01,스파이더맨: 노 웨이 홈,8.97
2,2022-01-01,러브 액츄얼리,8.93
3,2022-01-01,아멜리에,8.81
4,2022-01-01,고양이를 부탁해,8.81
5,2022-01-01,공각기동대,8.73
6,2022-01-01,돈 룩 업,8.68
7,2022-01-01,태일이,8.49
8,2022-01-01,엔칸토: 마법의 세계,8.31
9,2022-01-01,연애 빠진 로맨스,8.30
10,2022-01-01,킹스맨: 퍼스트 에이전트,8.17
11,2022-01-01,프렌치 디스패치,8.02
12,2022-01-01,라스트 나잇 인 소호,7.84
13,2022-01-01,유체이탈자,7.59
14,2022-01-01,디어 에반 핸슨,7.50
15,2022-01-01,해피 뉴 이어,7.21
16,2022-01-01,베놈 2: 렛 데어 비 카니지,6.11
17,2022-01-01,이터널스,5.57
18,2022-01-01,매트릭스: 리저렉션,5.57
19,2022-01-02,코다,9.24
20,2022-01-02,스파이더맨: 노 웨이 홈,8.96
21,2022-01-02,러브 액츄얼리,8.93
22,2022-01-02,아멜리에,8.81
23,2022-01-02,공각기동대,8.73
24,2022-01-02,돈 룩 업,8.68
25,2022-01-02,태일이,8.50
26,2022-01-02,엔칸토: 마법의 세계,8.30
27,2022-01-02,연애 빠진 로맨스,8.30
28,2022-01-02,킹스맨: 퍼스트 에이전트,8.16
29,2022-01-02,프렌치 디스패치,8.02
30,2022-01-02,라스트 나잇 인 소호,7.84
31,2022-01-02,유체이탈자,7.58
32,2022-01-02,디어 에반 핸슨,7.50
33,2022-01-02,해피 뉴 이어,7.14
34,2022-01-02,베놈 2: 렛 데어 비 카니지,6.11
35,2022-01-02,이터널스,5.57
36,2022-01-02,매트릭스: 리저렉션,5.54
37,2022-01-03,코다,9.24
38,2022-01-03,스파이더맨: 노 웨이 홈,8.95
39,2022-01-03,러브 액츄얼리,8.93
40,2022-01-03,아멜리에,8.81
41,2022-01-03,고양이를 부탁해,8.81
42,2022-01-03,공각기동대,8.73
43,2022-01-03,돈 룩 업,8.69
44,2022-01-03,태일이,8.48
45,2022-01-03,엔칸토: 마법의 세계,8.30
46,2022-01-03,연애 빠진 로맨스,8.30
47,2022-01-03,킹스맨: 퍼스트 에이전트,8.14
48,2022-01-03,프렌치 디스패치,8.01
49,2022-01-03,라스트 나잇 인 소호,7.84
50,2022-01-03,유체이탈자,7.58
51,2022-01-03,디어 에반 핸슨,7.49
52,2022-01-03,해피 뉴 이어,7.11
53,2022-01-03,베놈 2: 렛 데어 비 카니지,6.11
54,2022-01-03,이터널스,5.57
55,2022-01-03,매트릭스: 리저렉션,5.53
56,2022-01-04,코다,9.23
57,2022-01-04,스파이더맨: 노 웨이 홈,8.95
58,2022-01-04,러브 액츄얼리,8.93
59,2022-01-04,아멜리에,8.81
60,2022-01-04,고양이를 부탁해,8.81
61,2022-01-04,공각기동대,8.73
62,2022-01-04,돈 룩 업,8.68
63,2022-01-04,태일이,8.49
64,2022-01-04,연애 빠진 로맨스,8.30
65,2022-01-04,엔칸토: 마법의 세계,8.29
66,2022-01-04,킹스맨: 퍼스트 에이전트,8.13
67,2022-01-04,프렌치 디스패치,8.01
68,2022-01-04,라스트 나잇 인 소호,7.85
69,2022-01-04,아웃레이지,7.84
70,2022-01-04,유체이탈자,7.58
71,2022-01-04,해피 뉴 이어,7.08
72,2022-01-04,베놈 2: 렛 데어 비 카니지,6.11
73,2022-01-04,이터널스,5.57
74,2022-01-04,매트릭스: 리저렉션,5.52
75,2022-01-05,코다,9.23
76,2022-01-05,스파이더맨: 노 웨이 홈,8.95
77,2022-01-05,아멜리에,8.81
78,2022-01-05,고양이를 부탁해,8.81
79,2022-01-05,공각기동대,8.73
80,2022-01-05,돈 룩 업,8.69
81,2022-01-05,연애 빠진 로맨스,8.29
82,2022-01-05,엔칸토: 마법의 세계,8.29
83,2022-01-05,경관의 피,8.18
84,2022-01-05,킹스맨: 퍼스트 에이전트,8.11
85,2022-01-05,프렌치 디스패치,8.01
86,2022-01-05,아웃레이지,7.84
87,2022-01-05,유체이탈자,7.58
88,2022-01-05,해피 뉴 이어,7.10
89,2022-01-05,베놈 2: 렛 데어 비 카니지,6.11
90,2022-01-05,매트릭스: 리저렉션,5.53
91,2022-01-06,씽2게더,9.41
92,2022-01-06,코다,9.23
93,2022-01-06,러브레터,9.12
94,2022-01-06,스파이더맨: 노 웨이 홈,8.95
95,2022-01-06,아멜리에,8.81
96,2022-01-06,고양이를 부탁해,8.81
97,2022-01-06,드라이브 마이 카,8.75
98,2022-01-06,공각기동대,8.73
99,2022-01-06,돈 룩 업,8.69
100,2022-01-06,엔칸토: 마법의 세계,8.29
101,2022-01-06,연애 빠진 로맨스,8.29
102,2022-01-06,킹스맨: 퍼스트 에이전트,8.11
103,2022-01-06,프렌치 디스패치,8.01
104,2022-01-06,경관의 피,7.92
105,2022-01-06,아웃레이지,7.84
106,2022-01-06,유체이탈자,7.58
107,2022-01-06,해피 뉴 이어,7.10
108,2022-01-06,베놈 2: 렛 데어 비 카니지,6.11
109,2022-01-06,매트릭스: 리저렉션,5.52
110,2022-01-07,씽2게더,9.37
111,2022-01-07,코다,9.23
112,2022-01-07,러브레터,9.12
113,2022-01-07,스파이더맨: 노 웨이 홈,8.94
114,2022-01-07,아멜리에,8.81
115,2022-01-07,고양이를 부탁해,8.81
116,2022-01-07,드라이브 마이 카,8.74
117,2022-01-07,공각기동대,8.73
118,2022-01-07,돈 룩 업,8.70
119,2022-01-07,엔칸토: 마법의 세계,8.30
120,2022-01-07,연애 빠진 로맨스,8.29
121,2022-01-07,킹스맨: 퍼스트 에이전트,8.09
122,2022-01-07,프렌치 디스패치,8.01
123,2022-01-07,아웃레이지,7.84
124,2022-01-07,경관의 피,7.79
125,2022-01-07,유체이탈자,7.57
126,2022-01-07,해피 뉴 이어,7.10
127,2022-01-07,스파이럴,6.30
128,2022-01-07,베놈 2: 렛 데어 비 카니지,6.11
129,2022-01-07,매트릭스: 리저렉션,5.53
130,2022-01-08,씽2게더,9.40
131,2022-01-08,코다,9.23
132,2022-01-08,러브레터,9.12
133,2022-01-08,스파이더맨: 노 웨이 홈,8.93
134,2022-01-08,아멜리에,8.81
135,2022-01-08,고양이를 부탁해,8.81
136,2022-01-08,공각기동대,8.73
137,2022-01-08,돈 룩 업,8.72
138,2022-01-08,드라이브 마이 카,8.70
139,2022-01-08,엔칸토: 마법의 세계,8.30
140,2022-01-08,연애 빠진 로맨스,8.28
141,2022-01-08,킹스맨: 퍼스트 에이전트,8.11
142,2022-01-08,프렌치 디스패치,8.01
143,2022-01-08,아웃레이지,7.84
144,2022-01-08,경관의 피,7.80
145,2022-01-08,유체이탈자,7.57
146,2022-01-08,해피 뉴 이어,7.08
147,2022-01-08,스파이럴,6.30
148,2022-01-08,베놈 2: 렛 데어 비 카니지,6.11
149,2022-01-08,매트릭스: 리저렉션,5.52
150,2022-01-09,씽2게더,9.42
151,2022-01-09,코다,9.23
152,2022-01-09,러브레터,9.12
153,2022-01-09,스파이더맨: 노 웨이 홈,8.93
154,2022-01-09,아멜리에,8.81
155,2022-01-09,고양이를 부탁해,8.81
156,2022-01-09,공각기동대,8.73
157,2022-01-09,드라이브 마이 카,8.71
158,2022-01-09,엔칸토: 마법의 세계,8.31
159,2022-01-09,연애 빠진 로맨스,8.29
160,2022-01-09,킹스맨: 퍼스트 에이전트,8.11
161,2022-01-09,프렌치 디스패치,8.00
162,2022-01-09,아웃레이지,7.84
163,2022-01-09,경관의 피,7.80
164,2022-01-09,유체이탈자,7.57
165,2022-01-09,해피 뉴 이어,7.10
166,2022-01-09,베놈 2: 렛 데어 비 카니지,6.11
167,2022-01-09,매트릭스: 리저렉션,5.52
168,2022-01-10,씽2게더,9.40
169,2022-01-10,코다,9.23
170,2022-01-10,러브레터,9.12
171,2022-01-10,스파이더맨: 노 웨이 홈,8.92
172,2022-01-10,아멜리에,8.81
173,2022-01-10,고양이를 부탁해,8.81
174,2022-01-10,공각기동대,8.73
175,2022-01-10,드라이브 마이 카,8.72
176,2022-01-10,엔칸토: 마법의 세계,8.31
177,2022-01-10,연애 빠진 로맨스,8.29
178,2022-01-10,킹스맨: 퍼스트 에이전트,8.11
179,2022-01-10,프렌치 디스패치,8.00
180,2022-01-10,아웃레이지,7.84
181,2022-01-10,경관의 피,7.76
182,2022-01-10,유체이탈자,7.57
183,2022-01-10,해피 뉴 이어,7.09
184,2022-01-10,베놈 2: 렛 데어 비 카니지,6.11
185,2022-01-10,매트릭스: 리저렉션,5.52
186,2022-01-11,씽2게더,9.39
187,2022-01-11,코다,9.23
188,2022-01-11,러브레터,9.12
189,2022-01-11,스파이더맨: 노 웨이 홈,8.92
190,2022-01-11,아멜리에,8.81
191,2022-01-11,고양이를 부탁해,8.81
192,2022-01-11,공각기동대,8.73
193,2022-01-11,드라이브 마이 카,8.68
194,2022-01-11,엔칸토: 마법의 세계,8.31
195,2022-01-11,연애 빠진 로맨스,8.29
196,2022-01-11,킹스맨: 퍼스트 에이전트,8.12
197,2022-01-11,프렌치 디스패치,8.00
198,2022-01-11,아웃레이지,7.84
199,2022-01-11,경관의 피,7.70
200,2022-01-11,유체이탈자,7.57
201,2022-01-11,해피 뉴 이어,7.08
202,2022-01-11,베놈 2: 렛 데어 비 카니지,6.11
203,2022-01-11,매트릭스: 리저렉션,5.51
204,2022-01-12,씽2게더,9.40
205,2022-01-12,러브레터,9.12
206,2022-01-12,스파이더맨: 노 웨이 홈,8.92
207,2022-01-12,기쿠지로의 여름,8.92
208,2022-01-12,아멜리에,8.81
209,2022-01-12,고양이를 부탁해,8.81
210,2022-01-12,드라이브 마이 카,8.65
211,2022-01-12,엔칸토: 마법의 세계,8.30
212,2022-01-12,연애 빠진 로맨스,8.29
213,2022-01-12,킹스맨: 퍼스트 에이전트,8.11
214,2022-01-12,프렌치 디스패치,8.00
215,2022-01-12,아웃레이지,7.84
216,2022-01-12,경관의 피,7.70
217,2022-01-12,유체이탈자,7.56
218,2022-01-12,해피 뉴 이어,7.07
219,2022-01-12,매트릭스: 리저렉션,5.51
220,2022-01-13,씽2게더,9.40
221,2022-01-13,러브레터,9.12
222,2022-01-13,스파이더맨: 노 웨이 홈,8.92
223,2022-01-13,기쿠지로의 여름,8.92
224,2022-01-13,아멜리에,8.81
225,2022-01-13,고양이를 부탁해,8.81
226,2022-01-13,드라이브 마이 카,8.65
227,2022-01-13,특송,8.48
228,2022-01-13,엔칸토: 마법의 세계,8.30
229,2022-01-13,킹스맨: 퍼스트 에이전트,8.11
230,2022-01-13,프렌치 디스패치,8.00
231,2022-01-13,아웃레이지,7.84
232,2022-01-13,경관의 피,7.69
233,2022-01-13,유체이탈자,7.56
234,2022-01-13,해피 뉴 이어,7.06
235,2022-01-13,웨스트 사이드 스토리,7.00
236,2022-01-13,매트릭스: 리저렉션,5.51
237,2022-01-14,씽2게더,9.41
238,2022-01-14,코다,9.24
239,2022-01-14,러브레터,9.12
240,2022-01-14,스파이더맨: 노 웨이 홈,8.92
241,2022-01-14,기쿠지로의 여름,8.92
242,2022-01-14,아멜리에,8.81
243,2022-01-14,고양이를 부탁해,8.81
244,2022-01-14,돈 룩 업,8.71
245,2022-01-14,드라이브 마이 카,8.66
246,2022-01-14,특송,8.48
247,2022-01-14,엔칸토: 마법의 세계,8.29
248,2022-01-14,하우스 오브 구찌,8.14
249,2022-01-14,킹스맨: 퍼스트 에이전트,8.11
250,2022-01-14,프렌치 디스패치,8.01
251,2022-01-14,아웃레이지,7.84
252,2022-01-14,경관의 피,7.68
253,2022-01-14,유체이탈자,7.56
254,2022-01-14,웨스트 사이드 스토리,7.11
255,2022-01-14,해피 뉴 이어,7.06
256,2022-01-14,매트릭스: 리저렉션,5.50
257,2022-01-15,씽2게더,9.43
258,2022-01-15,코다,9.24
259,2022-01-15,러브레터,9.12
260,2022-01-15,기쿠지로의 여름,8.92
261,2022-01-15,스파이더맨: 노 웨이 홈,8.92
262,2022-01-15,아멜리에,8.81
263,2022-01-15,고양이를 부탁해,8.81
264,2022-01-15,돈 룩 업,8.71
265,2022-01-15,드라이브 마이 카,8.62
266,2022-01-15,특송,8.41
267,2022-01-15,엔칸토: 마법의 세계,8.29
268,2022-01-15,하우스 오브 구찌,8.16
269,2022-01-15,킹스맨: 퍼스트 에이전트,8.11
270,2022-01-15,프렌치 디스패치,8.00
271,2022-01-15,아웃레이지,7.84
272,2022-01-15,경관의 피,7.68
273,2022-01-15,유체이탈자,7.56
274,2022-01-15,웨스트 사이드 스토리,7.06
275,2022-01-15,해피 뉴 이어,7.05
276,2022-01-15,매트릭스: 리저렉션,5.50
277,2022-01-16,씽2게더,9.44
278,2022-01-16,코다,9.24
279,2022-01-16,러브레터,9.12
280,2022-01-16,기쿠지로의 여름,8.92
281,2022-01-16,스파이더맨: 노 웨이 홈,8.92
282,2022-01-16,아멜리에,8.81
283,2022-01-16,고양이를 부탁해,8.81
284,2022-01-16,돈 룩 업,8.70
285,2022-01-16,드라이브 마이 카,8.60
286,2022-01-16,특송,8.43
287,2022-01-16,엔칸토: 마법의 세계,8.30
288,2022-01-16,킹스맨: 퍼스트 에이전트,8.11
289,2022-01-16,하우스 오브 구찌,8.10
290,2022-01-16,프렌치 디스패치,8.00
291,2022-01-16,경관의 피,7.69
292,2022-01-16,유체이탈자,7.56
293,2022-01-16,해피 뉴 이어,7.06
294,2022-01-16,웨스트 사이드 스토리,7.03
295,2022-01-16,매트릭스: 리저렉션,5.50
296,2022-01-17,씽2게더,9.44
297,2022-01-17,코다,9.24
298,2022-01-17,러브레터,9.12
299,2022-01-17,스파이더맨: 노 웨이 홈,8.92
300,2022-01-17,기쿠지로의 여름,8.92
301,2022-01-17,아멜리에,8.81
302,2022-01-17,고양이를 부탁해,8.81
303,2022-01-17,돈 룩 업,8.69
304,2022-01-17,드라이브 마이 카,8.59
305,2022-01-17,특송,8.38
306,2022-01-17,엔칸토: 마법의 세계,8.29
307,2022-01-17,킹스맨: 퍼스트 에이전트,8.10
308,2022-01-17,하우스 오브 구찌,8.06
309,2022-01-17,프렌치 디스패치,8.00
310,2022-01-17,경관의 피,7.69
311,2022-01-17,유체이탈자,7.56
312,2022-01-17,해피 뉴 이어,7.06
313,2022-01-17,웨스트 사이드 스토리,6.89
314,2022-01-17,매트릭스: 리저렉션,5.50
315,2022-01-18,씽2게더,9.44
316,2022-01-18,코다,9.23
317,2022-01-18,러브레터,9.12
318,2022-01-18,스파이더맨: 노 웨이 홈,8.92
319,2022-01-18,기쿠지로의 여름,8.92
320,2022-01-18,아멜리에,8.81
321,2022-01-18,고양이를 부탁해,8.81
322,2022-01-18,돈 룩 업,8.69
323,2022-01-18,드라이브 마이 카,8.59
324,2022-01-18,특송,8.35
325,2022-01-18,엔칸토: 마법의 세계,8.29
326,2022-01-18,킹스맨: 퍼스트 에이전트,8.10
327,2022-01-18,하우스 오브 구찌,8.01
328,2022-01-18,프렌치 디스패치,8.00
329,2022-01-18,경관의 피,7.68
330,2022-01-18,해피 뉴 이어,7.05
331,2022-01-18,웨스트 사이드 스토리,6.83
332,2022-01-18,매트릭스: 리저렉션,5.51
333,2022-01-19,씽2게더,9.43
334,2022-01-19,코다,9.23
335,2022-01-19,러브레터,9.12
336,2022-01-19,기쿠지로의 여름,8.92
337,2022-01-19,스파이더맨: 노 웨이 홈,8.92
338,2022-01-19,아멜리에,8.81
339,2022-01-19,돈 룩 업,8.69
340,2022-01-19,드라이브 마이 카,8.59
341,2022-01-19,태일이,8.47
342,2022-01-19,특송,8.33
343,2022-01-19,킹스맨: 퍼스트 에이전트,8.09
344,2022-01-19,프렌치 디스패치,7.99
345,2022-01-19,하우스 오브 구찌,7.98
346,2022-01-19,경관의 피,7.67
347,2022-01-19,해피 뉴 이어,7.04
348,2022-01-19,웨스트 사이드 스토리,6.76
349,2022-01-19,매트릭스: 리저렉션,5.51
350,2022-01-20,씽2게더,9.44
351,2022-01-20,코다,9.23
352,2022-01-20,러브레터,9.12
353,2022-01-20,스파이더맨: 노 웨이 홈,8.91
354,2022-01-20,아멜리에,8.81
355,2022-01-20,돈 룩 업,8.69
356,2022-01-20,드라이브 마이 카,8.59
357,2022-01-20,태일이,8.47
358,2022-01-20,특송,8.32
359,2022-01-20,킹스맨: 퍼스트 에이전트,8.09
360,2022-01-20,프렌치 디스패치,7.99
361,2022-01-20,하우스 오브 구찌,7.97
362,2022-01-20,경관의 피,7.66
363,2022-01-20,해피 뉴 이어,7.04
364,2022-01-20,웨스트 사이드 스토리,6.72
365,2022-01-20,불한당: 나쁜 놈들의 세상,6.49
366,2022-01-20,램,6.46
367,2022-01-20,매트릭스: 리저렉션,5.50
368,2022-01-21,씽2게더,9.44
369,2022-01-21,코다,9.23
370,2022-01-21,러브레터,9.12
371,2022-01-21,더 헌트,8.98
372,2022-01-21,스파이더맨: 노 웨이 홈,8.92
373,2022-01-21,아멜리에,8.81
374,2022-01-21,돈 룩 업,8.68
375,2022-01-21,드라이브 마이 카,8.59
376,2022-01-21,태일이,8.46
377,2022-01-21,특송,8.32
378,2022-01-21,킹스맨: 퍼스트 에이전트,8.09
379,2022-01-21,프렌치 디스패치,7.98
380,2022-01-21,하우스 오브 구찌,7.96
381,2022-01-21,경관의 피,7.66
382,2022-01-21,해피 뉴 이어,7.04
383,2022-01-21,웨스트 사이드 스토리,6.66
384,2022-01-21,불한당: 나쁜 놈들의 세상,6.49
385,2022-01-21,램,6.46
386,2022-01-21,매트릭스: 리저렉션,5.51
387,2022-01-22,씽2게더,9.44
388,2022-01-22,코다,9.23
389,2022-01-22,러브레터,9.12
390,2022-01-22,더 헌트,8.98
391,2022-01-22,스파이더맨: 노 웨이 홈,8.91
392,2022-01-22,아멜리에,8.81
393,2022-01-22,돈 룩 업,8.68
394,2022-01-22,드라이브 마이 카,8.59
395,2022-01-22,태일이,8.46
396,2022-01-22,특송,8.30
397,2022-01-22,킹스맨: 퍼스트 에이전트,8.08
398,2022-01-22,프렌치 디스패치,7.98
399,2022-01-22,하우스 오브 구찌,7.95
400,2022-01-22,경관의 피,7.65
401,2022-01-22,해피 뉴 이어,7.04
402,2022-01-22,웨스트 사이드 스토리,6.65
403,2022-01-22,불한당: 나쁜 놈들의 세상,6.49
404,2022-01-22,램,6.45
405,2022-01-22,매트릭스: 리저렉션,5.51
406,2022-01-23,씽2게더,9.45
407,2022-01-23,코다,9.23
408,2022-01-23,러브레터,9.12
409,2022-01-23,더 헌트,8.98
410,2022-01-23,스파이더맨: 노 웨이 홈,8.91
411,2022-01-23,아멜리에,8.81
412,2022-01-23,돈 룩 업,8.67
413,2022-01-23,드라이브 마이 카,8.60
414,2022-01-23,특송,8.32
415,2022-01-23,킹스맨: 퍼스트 에이전트,8.09
416,2022-01-23,프렌치 디스패치,7.99
417,2022-01-23,하우스 오브 구찌,7.94
418,2022-01-23,경관의 피,7.65
419,2022-01-23,해피 뉴 이어,7.04
420,2022-01-23,웨스트 사이드 스토리,6.63
421,2022-01-23,불한당: 나쁜 놈들의 세상,6.49
422,2022-01-23,램,6.47
423,2022-01-23,매트릭스: 리저렉션,5.51
424,2022-01-24,장민호 드라마 최종회,9.97
425,2022-01-24,씽2게더,9.45
426,2022-01-24,코다,9.23
427,2022-01-24,러브레터,9.12
428,2022-01-24,더 헌트,8.98
429,2022-01-24,스파이더맨: 노 웨이 홈,8.90
430,2022-01-24,고양이를 부탁해,8.81
431,2022-01-24,아멜리에,8.81
432,2022-01-24,돈 룩 업,8.67
433,2022-01-24,드라이브 마이 카,8.61
434,2022-01-24,태일이,8.46
435,2022-01-24,특송,8.30
436,2022-01-24,킹스맨: 퍼스트 에이전트,8.09
437,2022-01-24,프렌치 디스패치,7.99
438,2022-01-24,하우스 오브 구찌,7.93
439,2022-01-24,경관의 피,7.65
440,2022-01-24,해피 뉴 이어,7.03
441,2022-01-24,웨스트 사이드 스토리,6.61
442,2022-01-24,불한당: 나쁜 놈들의 세상,6.49
443,2022-01-24,램,6.47
444,2022-01-24,매트릭스: 리저렉션,5.51
445,2022-01-25,장민호 드라마 최종회,9.91
446,2022-01-25,씽2게더,9.44
447,2022-01-25,코다,9.23
448,2022-01-25,러브레터,9.12
449,2022-01-25,더 헌트,8.98
450,2022-01-25,스파이더맨: 노 웨이 홈,8.90
451,2022-01-25,고양이를 부탁해,8.81
452,2022-01-25,아멜리에,8.81
453,2022-01-25,돈 룩 업,8.67
454,2022-01-25,드라이브 마이 카,8.61
455,2022-01-25,특송,8.28
456,2022-01-25,킹스맨: 퍼스트 에이전트,8.09
457,2022-01-25,프렌치 디스패치,7.98
458,2022-01-25,하우스 오브 구찌,7.93
459,2022-01-25,경관의 피,7.64
460,2022-01-25,해피 뉴 이어,7.03
461,2022-01-25,웨스트 사이드 스토리,6.62
462,2022-01-25,불한당: 나쁜 놈들의 세상,6.49
463,2022-01-25,램,6.46
464,2022-01-25,매트릭스: 리저렉션,5.51
465,2022-01-26,장민호 드라마 최종회,9.87
466,2022-01-26,씽2게더,9.43
467,2022-01-26,코다,9.23
468,2022-01-26,러브레터,9.12
469,2022-01-26,더 헌트,8.98
470,2022-01-26,스파이더맨: 노 웨이 홈,8.90
471,2022-01-26,고양이를 부탁해,8.81
472,2022-01-26,아멜리에,8.81
473,2022-01-26,귀향,8.68
474,2022-01-26,킹메이커,8.68
475,2022-01-26,돈 룩 업,8.67
476,2022-01-26,드라이브 마이 카,8.61
477,2022-01-26,나쁜 교육,8.46
478,2022-01-26,그녀에게,8.46
479,2022-01-26,특송,8.29
480,2022-01-26,킹스맨: 퍼스트 에이전트,8.09
481,2022-01-26,해적: 도깨비 깃발,8.04
482,2022-01-26,프렌치 디스패치,7.98
483,2022-01-26,하우스 오브 구찌,7.94
484,2022-01-26,경관의 피,7.64
485,2022-01-26,해피 뉴 이어,7.03
486,2022-01-26,웨스트 사이드 스토리,6.63
487,2022-01-26,불한당: 나쁜 놈들의 세상,6.49
488,2022-01-26,램,6.46
489,2022-01-27,장민호 드라마 최종회,9.87
490,2022-01-27,씽2게더,9.43
491,2022-01-27,코다,9.23
492,2022-01-27,러브레터,9.12
493,2022-01-27,더 헌트,8.98
494,2022-01-27,스파이더맨: 노 웨이 홈,8.90
495,2022-01-27,고양이를 부탁해,8.81
496,2022-01-27,귀향,8.68
497,2022-01-27,돈 룩 업,8.67
498,2022-01-27,드라이브 마이 카,8.61
499,2022-01-27,나쁜 교육,8.46
500,2022-01-27,그녀에게,8.46
501,2022-01-27,킹메이커,8.32
502,2022-01-27,특송,8.29
503,2022-01-27,킹스맨: 퍼스트 에이전트,8.09
504,2022-01-27,프렌치 디스패치,7.98
505,2022-01-27,하우스 오브 구찌,7.94
506,2022-01-27,경관의 피,7.64
507,2022-01-27,해적: 도깨비 깃발,7.63
508,2022-01-27,웨스트 사이드 스토리,6.63
509,2022-01-27,불한당: 나쁜 놈들의 세상,6.49
510,2022-01-27,램,6.46
511,2022-01-27,레지던트 이블: 라쿤시티,5.43
512,2022-01-28,장민호 드라마 최종회,9.85
513,2022-01-28,씽2게더,9.44
514,2022-01-28,코다,9.23
515,2022-01-28,러브레터,9.12
516,2022-01-28,타오르는 여인의 초상,9.06
517,2022-01-28,더 헌트,8.98
518,2022-01-28,스파이더맨: 노 웨이 홈,8.89
519,2022-01-28,고양이를 부탁해,8.81
520,2022-01-28,아멜리에,8.81
521,2022-01-28,귀향,8.68
522,2022-01-28,돈 룩 업,8.68
523,2022-01-28,드라이브 마이 카,8.62
524,2022-01-28,캐롤,8.61
525,2022-01-28,나쁜 교육,8.46
526,2022-01-28,그녀에게,8.46
527,2022-01-28,특송,8.29
528,2022-01-28,킹스맨: 퍼스트 에이전트,8.09
529,2022-01-28,킹메이커,8.07
530,2022-01-28,프렌치 디스패치,7.98
531,2022-01-28,하우스 오브 구찌,7.94
532,2022-01-28,경관의 피,7.62
533,2022-01-28,해적: 도깨비 깃발,7.32
534,2022-01-28,웨스트 사이드 스토리,6.63
535,2022-01-28,불한당: 나쁜 놈들의 세상,6.49
536,2022-01-28,램,6.46
537,2022-01-28,레지던트 이블: 라쿤시티,5.44
538,2022-01-29,장민호 드라마 최종회,9.84
539,2022-01-29,씽2게더,9.44
540,2022-01-29,코다,9.23
541,2022-01-29,러브레터,9.12
542,2022-01-29,타오르는 여인의 초상,9.06
543,2022-01-29,더 헌트,8.98
544,2022-01-29,스파이더맨: 노 웨이 홈,8.89
545,2022-01-29,고양이를 부탁해,8.81
546,2022-01-29,아멜리에,8.81
547,2022-01-29,귀향,8.68
548,2022-01-29,캐롤,8.61
549,2022-01-29,드라이브 마이 카,8.60
550,2022-01-29,나쁜 교육,8.46
551,2022-01-29,그녀에게,8.46
552,2022-01-29,특송,8.29
553,2022-01-29,킹스맨: 퍼스트 에이전트,8.09
554,2022-01-29,프렌치 디스패치,7.98
555,2022-01-29,하우스 오브 구찌,7.95
556,2022-01-29,킹메이커,7.79
557,2022-01-29,경관의 피,7.55
558,2022-01-29,해적: 도깨비 깃발,7.10
559,2022-01-29,웨스트 사이드 스토리,6.62
560,2022-01-29,불한당: 나쁜 놈들의 세상,6.49
561,2022-01-29,램,6.47
562,2022-01-29,레지던트 이블: 라쿤시티,5.45
563,2022-01-30,장민호 드라마 최종회,9.83
564,2022-01-30,씽2게더,9.44
565,2022-01-30,코다,9.23
566,2022-01-30,러브레터,9.12
567,2022-01-30,타오르는 여인의 초상,9.06
568,2022-01-30,더 헌트,8.98
569,2022-01-30,스파이더맨: 노 웨이 홈,8.89
570,2022-01-30,고양이를 부탁해,8.81
571,2022-01-30,아멜리에,8.81
572,2022-01-30,귀향,8.68
573,2022-01-30,캐롤,8.61
574,2022-01-30,드라이브 마이 카,8.61
575,2022-01-30,나쁜 교육,8.46
576,2022-01-30,그녀에게,8.46
577,2022-01-30,특송,8.29
578,2022-01-30,킹스맨: 퍼스트 에이전트,8.09
579,2022-01-30,프렌치 디스패치,7.98
580,2022-01-30,하우스 오브 구찌,7.95
581,2022-01-30,킹메이커,7.74
582,2022-01-30,경관의 피,7.51
583,2022-01-30,해적: 도깨비 깃발,6.83
584,2022-01-30,웨스트 사이드 스토리,6.61
585,2022-01-30,불한당: 나쁜 놈들의 세상,6.49
586,2022-01-30,램,6.47
587,2022-01-30,레지던트 이블: 라쿤시티,5.44
588,2022-01-31,장민호 드라마 최종회,9.76
589,2022-01-31,씽2게더,9.44
590,2022-01-31,코다,9.22
591,2022-01-31,러브레터,9.12
592,2022-01-31,타오르는 여인의 초상,9.06
593,2022-01-31,더 헌트,8.98
594,2022-01-31,스파이더맨: 노 웨이 홈,8.88
595,2022-01-31,아멜리에,8.81
596,2022-01-31,"틱, 틱... 붐!",8.77
597,2022-01-31,귀향,8.68
598,2022-01-31,드라이브 마이 카,8.62
599,2022-01-31,캐롤,8.61
600,2022-01-31,나쁜 교육,8.46
601,2022-01-31,그녀에게,8.46
602,2022-01-31,특송,8.28
603,2022-01-31,킹스맨: 퍼스트 에이전트,8.09
604,2022-01-31,프렌치 디스패치,7.98
605,2022-01-31,하우스 오브 구찌,7.95
606,2022-01-31,킹메이커,7.65
607,2022-01-31,경관의 피,7.47
608,2022-01-31,해적: 도깨비 깃발,6.71
609,2022-01-31,웨스트 사이드 스토리,6.61
610,2022-01-31,불한당: 나쁜 놈들의 세상,6.49
611,2022-01-31,램,6.47
612,2022-01-31,레지던트 이블: 라쿤시티,5.40
613,2022-02-01,장민호 드라마 최종회,9.76
614,2022-02-01,씽2게더,9.44
615,2022-02-01,러브레터,9.12
616,2022-02-01,타오르는 여인의 초상,9.06
617,2022-02-01,더 헌트,8.98
618,2022-02-01,스파이더맨: 노 웨이 홈,8.88
619,2022-02-01,아멜리에,8.81
620,2022-02-01,"틱, 틱... 붐!",8.78
621,2022-02-01,귀향,8.68
622,2022-02-01,캐롤,8.61
623,2022-02-01,드라이브 마이 카,8.61
624,2022-02-01,나쁜 교육,8.46
625,2022-02-01,그녀에게,8.46
626,2022-02-01,특송,8.28
627,2022-02-01,킹스맨: 퍼스트 에이전트,8.08
628,2022-02-01,프렌치 디스패치,7.98
629,2022-02-01,하우스 오브 구찌,7.95
630,2022-02-01,킹메이커,7.51
631,2022-02-01,경관의 피,7.44
632,2022-02-01,웨스트 사이드 스토리,6.60
633,2022-02-01,해적: 도깨비 깃발,6.58
634,2022-02-01,불한당: 나쁜 놈들의 세상,6.49
635,2022-02-01,램,6.48
636,2022-02-01,레지던트 이블: 라쿤시티,5.39
637,2022-02-02,장민호 드라마 최종회,9.77
638,2022-02-02,씽2게더,9.44
639,2022-02-02,러브레터,9.12
640,2022-02-02,타오르는 여인의 초상,9.06
641,2022-02-02,스파이더맨: 노 웨이 홈,8.88
642,2022-02-02,아멜리에,8.81
643,2022-02-02,"틱, 틱... 붐!",8.78
644,2022-02-02,귀향,8.68
645,2022-02-02,캐롤,8.61
646,2022-02-02,드라이브 마이 카,8.59
647,2022-02-02,나쁜 교육,8.46
648,2022-02-02,그녀에게,8.46
649,2022-02-02,특송,8.28
650,2022-02-02,킹스맨: 퍼스트 에이전트,8.09
651,2022-02-02,프렌치 디스패치,7.98
652,2022-02-02,하우스 오브 구찌,7.95
653,2022-02-02,킹메이커,7.47
654,2022-02-02,경관의 피,7.42
655,2022-02-02,웨스트 사이드 스토리,6.59
656,2022-02-02,해적: 도깨비 깃발,6.49
657,2022-02-02,불한당: 나쁜 놈들의 세상,6.49
658,2022-02-02,램,6.48
659,2022-02-02,레지던트 이블: 라쿤시티,5.35
660,2022-02-03,장민호 드라마 최종회,9.77
661,2022-02-03,씽2게더,9.44
662,2022-02-03,러브레터,9.12
663,2022-02-03,타오르는 여인의 초상,9.06
664,2022-02-03,스파이더맨: 노 웨이 홈,8.87
665,2022-02-03,"틱, 틱... 붐!",8.79
666,2022-02-03,귀향,8.68
667,2022-02-03,캐롤,8.61
668,2022-02-03,드라이브 마이 카,8.58
669,2022-02-03,나쁜 교육,8.46
670,2022-02-03,그녀에게,8.46
671,2022-02-03,특송,8.26
672,2022-02-03,킹스맨: 퍼스트 에이전트,8.08
673,2022-02-03,프렌치 디스패치,7.98
674,2022-02-03,하우스 오브 구찌,7.94
675,2022-02-03,킹메이커,7.46
676,2022-02-03,경관의 피,7.41
677,2022-02-03,웨스트 사이드 스토리,6.60
678,2022-02-03,불한당: 나쁜 놈들의 세상,6.49
679,2022-02-03,램,6.47
680,2022-02-03,해적: 도깨비 깃발,6.39
681,2022-02-04,장민호 드라마 최종회,9.77
682,2022-02-04,씽2게더,9.43
683,2022-02-04,러브레터,9.12
684,2022-02-04,타오르는 여인의 초상,9.06
685,2022-02-04,스파이더맨: 노 웨이 홈,8.87
686,2022-02-04,"틱, 틱... 붐!",8.78
687,2022-02-04,귀향,8.68
688,2022-02-04,캐롤,8.61
689,2022-02-04,드라이브 마이 카,8.57
690,2022-02-04,나쁜 교육,8.46
691,2022-02-04,그녀에게,8.46
692,2022-02-04,특송,8.21
693,2022-02-04,킹스맨: 퍼스트 에이전트,8.08
694,2022-02-04,프렌치 디스패치,7.98
695,2022-02-04,하우스 오브 구찌,7.94
696,2022-02-04,킹메이커,7.45
697,2022-02-04,경관의 피,7.40
698,2022-02-04,해피 뉴 이어,7.04
699,2022-02-04,웨스트 사이드 스토리,6.59
700,2022-02-04,불한당: 나쁜 놈들의 세상,6.49
701,2022-02-04,램,6.47
702,2022-02-04,해적: 도깨비 깃발,6.34
703,2022-02-05,장민호 드라마 최종회,9.75
704,2022-02-05,씽2게더,9.43
705,2022-02-05,러브레터,9.12
706,2022-02-05,타오르는 여인의 초상,9.06
707,2022-02-05,스파이더맨: 노 웨이 홈,8.87
708,2022-02-05,"틱, 틱... 붐!",8.78
709,2022-02-05,귀향,8.68
710,2022-02-05,캐롤,8.61
711,2022-02-05,드라이브 마이 카,8.57
712,2022-02-05,나쁜 교육,8.46
713,2022-02-05,그녀에게,8.46
714,2022-02-05,어나더 라운드,8.21
715,2022-02-05,킹스맨: 퍼스트 에이전트,8.08
716,2022-02-05,특송,8.07
717,2022-02-05,프렌치 디스패치,7.98
718,2022-02-05,하우스 오브 구찌,7.94
719,2022-02-05,킹메이커,7.45
720,2022-02-05,경관의 피,7.38
721,2022-02-05,웨스트 사이드 스토리,6.59
722,2022-02-05,불한당: 나쁜 놈들의 세상,6.49
723,2022-02-05,램,6.47
724,2022-02-05,해적: 도깨비 깃발,6.29
725,2022-02-06,장민호 드라마 최종회,9.75
726,2022-02-06,씽2게더,9.43
727,2022-02-06,러브레터,9.12
728,2022-02-06,타오르는 여인의 초상,9.06
729,2022-02-06,스파이더맨: 노 웨이 홈,8.87
730,2022-02-06,"틱, 틱... 붐!",8.78
731,2022-02-06,귀향,8.68
732,2022-02-06,캐롤,8.61
733,2022-02-06,드라이브 마이 카,8.57
734,2022-02-06,나쁜 교육,8.46
735,2022-02-06,그녀에게,8.46
736,2022-02-06,어나더 라운드,8.23
737,2022-02-06,킹스맨: 퍼스트 에이전트,8.08
738,2022-02-06,프렌치 디스패치,7.98
739,2022-02-06,특송,7.97
740,2022-02-06,하우스 오브 구찌,7.94
741,2022-02-06,킹메이커,7.46
742,2022-02-06,경관의 피,7.37
743,2022-02-06,웨스트 사이드 스토리,6.59
744,2022-02-06,불한당: 나쁜 놈들의 세상,6.49
745,2022-02-06,해적: 도깨비 깃발,6.28
746,2022-02-07,장민호 드라마 최종회,9.72
747,2022-02-07,씽2게더,9.43
748,2022-02-07,러브레터,9.12
749,2022-02-07,타오르는 여인의 초상,9.05
750,2022-02-07,스파이더맨: 노 웨이 홈,8.87
751,2022-02-07,"틱, 틱... 붐!",8.79
752,2022-02-07,귀향,8.68
753,2022-02-07,캐롤,8.61
754,2022-02-07,드라이브 마이 카,8.57
755,2022-02-07,나쁜 교육,8.46
756,2022-02-07,그녀에게,8.46
757,2022-02-07,어나더 라운드,8.25
758,2022-02-07,킹스맨: 퍼스트 에이전트,8.08
759,2022-02-07,프렌치 디스패치,7.98
760,2022-02-07,하우스 오브 구찌,7.94
761,2022-02-07,특송,7.91
762,2022-02-07,킹메이커,7.45
763,2022-02-07,경관의 피,7.38
764,2022-02-07,웨스트 사이드 스토리,6.58
765,2022-02-07,불한당: 나쁜 놈들의 세상,6.49
766,2022-02-07,해적: 도깨비 깃발,6.25
767,2022-02-08,씽2게더,9.43
768,2022-02-08,러브레터,9.12
769,2022-02-08,타오르는 여인의 초상,9.05
770,2022-02-08,스파이더맨: 노 웨이 홈,8.87
771,2022-02-08,"틱, 틱... 붐!",8.78
772,2022-02-08,귀향,8.68
773,2022-02-08,캐롤,8.61
774,2022-02-08,드라이브 마이 카,8.56
775,2022-02-08,나쁜 교육,8.46
776,2022-02-08,그녀에게,8.46
777,2022-02-08,어나더 라운드,8.22
778,2022-02-08,킹스맨: 퍼스트 에이전트,8.08
779,2022-02-08,프렌치 디스패치,7.98
780,2022-02-08,하우스 오브 구찌,7.93
781,2022-02-08,특송,7.87
782,2022-02-08,킹메이커,7.46
783,2022-02-08,경관의 피,7.38
784,2022-02-08,웨스트 사이드 스토리,6.58
785,2022-02-08,불한당: 나쁜 놈들의 세상,6.49
786,2022-02-08,해적: 도깨비 깃발,6.24
787,2022-02-09,씽2게더,9.43
788,2022-02-09,러브레터,9.12
789,2022-02-09,타오르는 여인의 초상,9.05
790,2022-02-09,스파이더맨: 노 웨이 홈,8.87
791,2022-02-09,귀향,8.68
792,2022-02-09,캐롤,8.61
793,2022-02-09,드라이브 마이 카,8.56
794,2022-02-09,나쁜 교육,8.46
795,2022-02-09,덩케르크,8.29
796,2022-02-09,어나더 라운드,8.23
797,2022-02-09,킹스맨: 퍼스트 에이전트,8.07
798,2022-02-09,프렌치 디스패치,7.98
799,2022-02-09,듄,7.96
800,2022-02-09,하우스 오브 구찌,7.93
801,2022-02-09,특송,7.86
802,2022-02-09,킹메이커,7.48
803,2022-02-09,경관의 피,7.37
804,2022-02-09,해리 포터와 불사조 기사단,7.03
805,2022-02-09,웨스트 사이드 스토리,6.58
806,2022-02-09,불한당: 나쁜 놈들의 세상,6.49
807,2022-02-09,해적: 도깨비 깃발,6.24
808,2022-02-10,씽2게더,9.43
809,2022-02-10,러브레터,9.12
810,2022-02-10,타오르는 여인의 초상,9.05
811,2022-02-10,스파이더맨: 노 웨이 홈,8.87
812,2022-02-10,귀향,8.68
813,2022-02-10,캐롤,8.61
814,2022-02-10,드라이브 마이 카,8.55
815,2022-02-10,나일 강의 죽음,8.50
816,2022-02-10,나쁜 교육,8.46
817,2022-02-10,덩케르크,8.29
818,2022-02-10,어나더 라운드,8.23
819,2022-02-10,킹스맨: 퍼스트 에이전트,8.05
820,2022-02-10,프렌치 디스패치,7.98
821,2022-02-10,듄,7.96
822,2022-02-10,하우스 오브 구찌,7.92
823,2022-02-10,특송,7.85
824,2022-02-10,킹메이커,7.50
825,2022-02-10,경관의 피,7.37
826,2022-02-10,해리 포터와 불사조 기사단,7.03
827,2022-02-10,웨스트 사이드 스토리,6.58
828,2022-02-10,해적: 도깨비 깃발,6.22
829,2022-02-11,씽2게더,9.43
830,2022-02-11,러브레터,9.12
831,2022-02-11,타오르는 여인의 초상,9.05
832,2022-02-11,스파이더맨: 노 웨이 홈,8.87
833,2022-02-11,마미,8.68
834,2022-02-11,귀향,8.68
835,2022-02-11,캐롤,8.61
836,2022-02-11,드라이브 마이 카,8.54
837,2022-02-11,나쁜 교육,8.46
838,2022-02-11,나일 강의 죽음,8.43
839,2022-02-11,덩케르크,8.29
840,2022-02-11,어나더 라운드,8.23
841,2022-02-11,킹스맨: 퍼스트 에이전트,8.03
842,2022-02-11,프렌치 디스패치,7.98
843,2022-02-11,듄,7.96
844,2022-02-11,하우스 오브 구찌,7.92
845,2022-02-11,특송,7.84
846,2022-02-11,킹메이커,7.50
847,2022-02-11,단지 세상의 끝,7.49
848,2022-02-11,경관의 피,7.36
849,2022-02-11,해리 포터와 불사조 기사단,7.03
850,2022-02-11,나의 촛불,6.76
851,2022-02-11,웨스트 사이드 스토리,6.58
852,2022-02-11,해적: 도깨비 깃발,6.22
853,2022-02-12,씽2게더,9.43
854,2022-02-12,러브레터,9.12
855,2022-02-12,타오르는 여인의 초상,9.05
856,2022-02-12,스파이더맨: 노 웨이 홈,8.87
857,2022-02-12,마미,8.68
858,2022-02-12,귀향,8.68
859,2022-02-12,캐롤,8.61
860,2022-02-12,드라이브 마이 카,8.54
861,2022-02-12,나쁜 교육,8.46
862,2022-02-12,덩케르크,8.29
863,2022-02-12,어나더 라운드,8.24
864,2022-02-12,나일 강의 죽음,8.24
865,2022-02-12,킹스맨: 퍼스트 에이전트,8.01
866,2022-02-12,프렌치 디스패치,7.98
867,2022-02-12,듄,7.96
868,2022-02-12,하우스 오브 구찌,7.92
869,2022-02-12,특송,7.83
870,2022-02-12,킹메이커,7.50
871,2022-02-12,단지 세상의 끝,7.49
872,2022-02-12,경관의 피,7.35
873,2022-02-12,해리 포터와 불사조 기사단,7.03
874,2022-02-12,나의 촛불,7.00
875,2022-02-12,웨스트 사이드 스토리,6.58
876,2022-02-12,해적: 도깨비 깃발,6.21
877,2022-02-13,씽2게더,9.42
878,2022-02-13,러브레터,9.12
879,2022-02-13,타오르는 여인의 초상,9.05
880,2022-02-13,스파이더맨: 노 웨이 홈,8.87
881,2022-02-13,마미,8.68
882,2022-02-13,귀향,8.68
883,2022-02-13,캐롤,8.61
884,2022-02-13,드라이브 마이 카,8.54
885,2022-02-13,나쁜 교육,8.46
886,2022-02-13,덩케르크,8.29
887,2022-02-13,어나더 라운드,8.24
888,2022-02-13,나일 강의 죽음,8.06
889,2022-02-13,킹스맨: 퍼스트 에이전트,8.00
890,2022-02-13,프렌치 디스패치,7.98
891,2022-02-13,듄,7.96
892,2022-02-13,하우스 오브 구찌,7.92
893,2022-02-13,특송,7.81
894,2022-02-13,킹메이커,7.50
895,2022-02-13,단지 세상의 끝,7.49
896,2022-02-13,경관의 피,7.35
897,2022-02-13,해리 포터와 불사조 기사단,7.03
898,2022-02-13,나의 촛불,6.99
899,2022-02-13,웨스트 사이드 스토리,6.58
900,2022-02-13,해적: 도깨비 깃발,6.22
901,2022-02-14,씽2게더,9.42
902,2022-02-14,러브레터,9.12
903,2022-02-14,타오르는 여인의 초상,9.05
904,2022-02-14,스파이더맨: 노 웨이 홈,8.87
905,2022-02-14,마미,8.68
906,2022-02-14,귀향,8.68
907,2022-02-14,캐롤,8.61
908,2022-02-14,드라이브 마이 카,8.55
909,2022-02-14,덩케르크,8.29
910,2022-02-14,어나더 라운드,8.24
911,2022-02-14,킹스맨: 퍼스트 에이전트,7.99
912,2022-02-14,프렌치 디스패치,7.99
913,2022-02-14,나일 강의 죽음,7.97
914,2022-02-14,듄,7.96
915,2022-02-14,하우스 오브 구찌,7.91
916,2022-02-14,특송,7.80
917,2022-02-14,킹메이커,7.50
918,2022-02-14,단지 세상의 끝,7.49
919,2022-02-14,경관의 피,7.35
920,2022-02-14,해리 포터와 불사조 기사단,7.03
921,2022-02-14,나의 촛불,6.78
922,2022-02-14,웨스트 사이드 스토리,6.58
923,2022-02-14,해적: 도깨비 깃발,6.22
924,2022-02-15,씽2게더,9.42
925,2022-02-15,러브레터,9.12
926,2022-02-15,타오르는 여인의 초상,9.05
927,2022-02-15,스파이더맨: 노 웨이 홈,8.87
928,2022-02-15,마미,8.68
929,2022-02-15,귀향,8.68
930,2022-02-15,캐롤,8.61
931,2022-02-15,드라이브 마이 카,8.55
932,2022-02-15,나쁜 교육,8.46
933,2022-02-15,그녀에게,8.46
934,2022-02-15,어나더 라운드,8.25
935,2022-02-15,프렌치 디스패치,7.99
936,2022-02-15,킹스맨: 퍼스트 에이전트,7.98
937,2022-02-15,듄,7.97
938,2022-02-15,나일 강의 죽음,7.94
939,2022-02-15,하우스 오브 구찌,7.92
940,2022-02-15,특송,7.80
941,2022-02-15,킹메이커,7.50
942,2022-02-15,단지 세상의 끝,7.49
943,2022-02-15,경관의 피,7.34
944,2022-02-15,해리 포터와 불사조 기사단,7.03
945,2022-02-15,나의 촛불,6.76
946,2022-02-15,웨스트 사이드 스토리,6.58
947,2022-02-15,해적: 도깨비 깃발,6.22
948,2022-02-16,씽2게더,9.42
949,2022-02-16,러브레터,9.12
950,2022-02-16,타오르는 여인의 초상,9.05
951,2022-02-16,스파이더맨: 노 웨이 홈,8.87
952,2022-02-16,마미,8.68
953,2022-02-16,귀향,8.68
954,2022-02-16,라라랜드,8.62
955,2022-02-16,캐롤,8.61
956,2022-02-16,드라이브 마이 카,8.56
957,2022-02-16,나쁜 교육,8.46
958,2022-02-16,그녀에게,8.46
959,2022-02-16,어나더 라운드,8.26
960,2022-02-16,프렌치 디스패치,7.99
961,2022-02-16,킹스맨: 퍼스트 에이전트,7.98
962,2022-02-16,듄,7.97
963,2022-02-16,하우스 오브 구찌,7.92
964,2022-02-16,나일 강의 죽음,7.90
965,2022-02-16,특송,7.79
966,2022-02-16,킹메이커,7.50
967,2022-02-16,단지 세상의 끝,7.49
968,2022-02-16,경관의 피,7.34
969,2022-02-16,해리 포터와 불사조 기사단,7.03
970,2022-02-16,나의 촛불,6.60
971,2022-02-16,웨스트 사이드 스토리,6.58
972,2022-02-16,해적: 도깨비 깃발,6.22
973,2022-02-17,원더,9.53
974,2022-02-17,씽2게더,9.42
975,2022-02-17,타오르는 여인의 초상,9.04
976,2022-02-17,스파이더맨: 노 웨이 홈,8.87
977,2022-02-17,마미,8.68
978,2022-02-17,귀향,8.68
979,2022-02-17,라라랜드,8.62
980,2022-02-17,캐롤,8.61
981,2022-02-17,드라이브 마이 카,8.56
982,2022-02-17,나쁜 교육,8.46
983,2022-02-17,그녀에게,8.46
984,2022-02-17,어나더 라운드,8.26
985,2022-02-17,언차티드,8.00
986,2022-02-17,프렌치 디스패치,7.99
987,2022-02-17,킹스맨: 퍼스트 에이전트,7.98
988,2022-02-17,듄,7.97
989,2022-02-17,하우스 오브 구찌,7.92
990,2022-02-17,나일 강의 죽음,7.87
991,2022-02-17,특송,7.79
992,2022-02-17,킹메이커,7.50
993,2022-02-17,단지 세상의 끝,7.49
994,2022-02-17,경관의 피,7.34
995,2022-02-17,해리 포터와 불사조 기사단,7.03
996,2022-02-17,나의 촛불,6.60
997,2022-02-17,웨스트 사이드 스토리,6.58
998,2022-02-17,355,6.43
999,2022-02-17,해적: 도깨비 깃발,6.22
1000,2022-02-18,원더,9.53
1001,2022-02-18,씽2게더,9.42
1002,2022-02-18,킹 오브 프리즘,9.19
1003,2022-02-18,킹 오브 프리즘 프라이드 더 히어로,9.11
1004,2022-02-18,타오르는 여인의 초상,9.04
1005,2022-02-18,스파이더맨: 노 웨이 홈,8.87
1006,2022-02-18,화양연화,8.78
1007,2022-02-18,마미,8.68
1008,2022-02-18,귀향,8.68
1009,2022-02-18,라라랜드,8.62
1010,2022-02-18,캐롤,8.61
1011,2022-02-18,드라이브 마이 카,8.56
1012,2022-02-18,나쁜 교육,8.46
1013,2022-02-18,그녀에게,8.46
1014,2022-02-18,어나더 라운드,8.27
1015,2022-02-18,프렌치 디스패치,7.99
1016,2022-02-18,킹스맨: 퍼스트 에이전트,7.97
1017,2022-02-18,듄,7.97
1018,2022-02-18,하우스 오브 구찌,7.92
1019,2022-02-18,나일 강의 죽음,7.84
1020,2022-02-18,특송,7.79
1021,2022-02-18,언차티드,7.75
1022,2022-02-18,킹메이커,7.50
1023,2022-02-18,단지 세상의 끝,7.49
1024,2022-02-18,경관의 피,7.34
1025,2022-02-18,해리 포터와 불사조 기사단,7.03
1026,2022-02-18,웨스트 사이드 스토리,6.58
1027,2022-02-18,나의 촛불,6.55
1028,2022-02-18,355,6.38
1029,2022-02-18,해적: 도깨비 깃발,6.22
1030,2022-02-18,킹 오브 프리즘 -샤이니 세븐 스타즈-,2.16
1031,2022-02-19,원더,9.53
1032,2022-02-19,씽2게더,9.42
1033,2022-02-19,극장판 주술회전 0,9.36
1034,2022-02-19,코다,9.22
1035,2022-02-19,킹 오브 프리즘,9.19
1036,2022-02-19,킹 오브 프리즘 프라이드 더 히어로,9.11
1037,2022-02-19,타오르는 여인의 초상,9.04
1038,2022-02-19,스파이더맨: 노 웨이 홈,8.87
1039,2022-02-19,화양연화,8.78
1040,2022-02-19,귀향,8.68
1041,2022-02-19,마미,8.68
1042,2022-02-19,돈 룩 업,8.66
1043,2022-02-19,라라랜드,8.62
1044,2022-02-19,캐롤,8.61
1045,2022-02-19,드라이브 마이 카,8.56
1046,2022-02-19,나쁜 교육,8.46
1047,2022-02-19,그녀에게,8.46
1048,2022-02-19,어나더 라운드,8.27
1049,2022-02-19,프렌치 디스패치,7.99
1050,2022-02-19,듄,7.96
1051,2022-02-19,킹스맨: 퍼스트 에이전트,7.96
1052,2022-02-19,하우스 오브 구찌,7.91
1053,2022-02-19,나일 강의 죽음,7.82
1054,2022-02-19,특송,7.79
1055,2022-02-19,언차티드,7.76
1056,2022-02-19,파워 오브 도그,7.74
1057,2022-02-19,킹메이커,7.51
1058,2022-02-19,단지 세상의 끝,7.49
1059,2022-02-19,경관의 피,7.34
1060,2022-02-19,해리 포터와 불사조 기사단,7.03
1061,2022-02-19,웨스트 사이드 스토리,6.57
1062,2022-02-19,나의 촛불,6.49
1063,2022-02-19,355,6.38
1064,2022-02-19,해적: 도깨비 깃발,6.21
1065,2022-02-19,킹 오브 프리즘 -샤이니 세븐 스타즈-,2.16
1066,2022-02-20,원더,9.53
1067,2022-02-20,씽2게더,9.42
1068,2022-02-20,극장판 주술회전 0,9.40
1069,2022-02-20,코다,9.22
1070,2022-02-20,킹 오브 프리즘,9.19
1071,2022-02-20,킹 오브 프리즘 프라이드 더 히어로,9.11
1072,2022-02-20,타오르는 여인의 초상,9.04
1073,2022-02-20,스파이더맨: 노 웨이 홈,8.87
1074,2022-02-20,화양연화,8.78
1075,2022-02-20,귀향,8.68
1076,2022-02-20,돈 룩 업,8.65
1077,2022-02-20,라라랜드,8.62
1078,2022-02-20,캐롤,8.61
1079,2022-02-20,드라이브 마이 카,8.56
1080,2022-02-20,나쁜 교육,8.46
1081,2022-02-20,그녀에게,8.46
1082,2022-02-20,어나더 라운드,8.27
1083,2022-02-20,프렌치 디스패치,7.98
1084,2022-02-20,듄,7.96
1085,2022-02-20,킹스맨: 퍼스트 에이전트,7.95
1086,2022-02-20,하우스 오브 구찌,7.91
1087,2022-02-20,나일 강의 죽음,7.81
1088,2022-02-20,특송,7.78
1089,2022-02-20,언차티드,7.77
1090,2022-02-20,파워 오브 도그,7.73
1091,2022-02-20,킹메이커,7.50
1092,2022-02-20,단지 세상의 끝,7.49
1093,2022-02-20,경관의 피,7.34
1094,2022-02-20,해리 포터와 불사조 기사단,7.03
1095,2022-02-20,웨스트 사이드 스토리,6.57
1096,2022-02-20,나의 촛불,6.43
1097,2022-02-20,355,6.39
1098,2022-02-20,해적: 도깨비 깃발,6.21
1099,2022-02-20,킹 오브 프리즘 -샤이니 세븐 스타즈-,2.16
1100,2022-02-21,원더,9.53
1101,2022-02-21,씽2게더,9.42
1102,2022-02-21,극장판 주술회전 0,9.40
1103,2022-02-21,코다,9.22
1104,2022-02-21,킹 오브 프리즘,9.19
1105,2022-02-21,킹 오브 프리즘 프라이드 더 히어로,9.11
1106,2022-02-21,타오르는 여인의 초상,9.04
1107,2022-02-21,스파이더맨: 노 웨이 홈,8.87
1108,2022-02-21,화양연화,8.78
1109,2022-02-21,마미,8.68
1110,2022-02-21,돈 룩 업,8.66
1111,2022-02-21,라라랜드,8.62
1112,2022-02-21,캐롤,8.61
1113,2022-02-21,드라이브 마이 카,8.57
1114,2022-02-21,나쁜 교육,8.46
1115,2022-02-21,그녀에게,8.46
1116,2022-02-21,어나더 라운드,8.28
1117,2022-02-21,프렌치 디스패치,7.98
1118,2022-02-21,듄,7.96
1119,2022-02-21,킹스맨: 퍼스트 에이전트,7.95
1120,2022-02-21,하우스 오브 구찌,7.91
1121,2022-02-21,나일 강의 죽음,7.80
1122,2022-02-21,특송,7.78
1123,2022-02-21,언차티드,7.74
1124,2022-02-21,파워 오브 도그,7.73
1125,2022-02-21,킹메이커,7.51
1126,2022-02-21,경관의 피,7.34
1127,2022-02-21,해리 포터와 불사조 기사단,7.03
1128,2022-02-21,웨스트 사이드 스토리,6.57
1129,2022-02-21,나의 촛불,6.41
1130,2022-02-21,355,6.40
1131,2022-02-21,해적: 도깨비 깃발,6.21
1132,2022-02-21,킹 오브 프리즘 -샤이니 세븐 스타즈-,2.16
1133,2022-02-22,씽2게더,9.42
1134,2022-02-22,극장판 주술회전 0,9.42
1135,2022-02-22,코다,9.22
1136,2022-02-22,킹 오브 프리즘,9.19
1137,2022-02-22,킹 오브 프리즘 프라이드 더 히어로,9.11
1138,2022-02-22,타오르는 여인의 초상,9.04
1139,2022-02-22,스파이더맨: 노 웨이 홈,8.87
1140,2022-02-22,화양연화,8.78
1141,2022-02-22,마미,8.68
1142,2022-02-22,돈 룩 업,8.65
1143,2022-02-22,라라랜드,8.62
1144,2022-02-22,캐롤,8.61
1145,2022-02-22,드라이브 마이 카,8.57
1146,2022-02-22,그녀에게,8.46
1147,2022-02-22,어나더 라운드,8.26
1148,2022-02-22,프렌치 디스패치,7.98
1149,2022-02-22,듄,7.96
1150,2022-02-22,킹스맨: 퍼스트 에이전트,7.94
1151,2022-02-22,하우스 오브 구찌,7.91
1152,2022-02-22,나일 강의 죽음,7.79
1153,2022-02-22,특송,7.78
1154,2022-02-22,파워 오브 도그,7.73
1155,2022-02-22,언차티드,7.72
1156,2022-02-22,킹메이커,7.51
1157,2022-02-22,경관의 피,7.34
1158,2022-02-22,해리 포터와 불사조 기사단,7.04
1159,2022-02-22,만년이 지나도 변하지 않는 게 있어,6.73
1160,2022-02-22,웨스트 사이드 스토리,6.57
1161,2022-02-22,나의 촛불,6.40
1162,2022-02-22,355,6.32
1163,2022-02-22,해적: 도깨비 깃발,6.22
1164,2022-02-22,킹 오브 프리즘 -샤이니 세븐 스타즈-,2.16
1165,2022-02-23,극장판 주술회전 0,9.43
1166,2022-02-23,씽2게더,9.42
1167,2022-02-23,코다,9.22
1168,2022-02-23,킹 오브 프리즘,9.19
1169,2022-02-23,킹 오브 프리즘 프라이드 더 히어로,9.11
1170,2022-02-23,스파이더맨: 노 웨이 홈,8.87
1171,2022-02-23,화양연화,8.78
1172,2022-02-23,마미,8.68
1173,2022-02-23,돈 룩 업,8.65
1174,2022-02-23,라라랜드,8.62
1175,2022-02-23,드라이브 마이 카,8.55
1176,2022-02-23,그녀에게,8.46
1177,2022-02-23,어나더 라운드,8.26
1178,2022-02-23,듄,7.96
1179,2022-02-23,킹스맨: 퍼스트 에이전트,7.94
1180,2022-02-23,하우스 오브 구찌,7.92
1181,2022-02-23,나일 강의 죽음,7.78
1182,2022-02-23,파워 오브 도그,7.72
1183,2022-02-23,언차티드,7.70
1184,2022-02-23,킹메이커,7.51
1185,2022-02-23,해리 포터와 불사조 기사단,7.04
1186,2022-02-23,만년이 지나도 변하지 않는 게 있어,6.72
1187,2022-02-23,웨스트 사이드 스토리,6.56
1188,2022-02-23,나의 촛불,6.42
1189,2022-02-23,355,6.29
1190,2022-02-23,해적: 도깨비 깃발,6.21
1191,2022-02-23,킹 오브 프리즘 -샤이니 세븐 스타즈-,2.16
1192,2022-02-24,전투왕,9.58
1193,2022-02-24,씽2게더,9.42
1194,2022-02-24,극장판 주술회전 0,9.41
1195,2022-02-24,코다,9.22
1196,2022-02-24,킹 오브 프리즘,9.19
1197,2022-02-24,킹 오브 프리즘 프라이드 더 히어로,9.11
1198,2022-02-24,스파이더맨: 노 웨이 홈,8.87
1199,2022-02-24,고양이를 부탁해,8.81
1200,2022-02-24,화양연화,8.78
1201,2022-02-24,마미,8.68
1202,2022-02-24,돈 룩 업,8.65
1203,2022-02-24,라라랜드,8.62
1204,2022-02-24,드라이브 마이 카,8.55
1205,2022-02-24,그녀에게,8.46
1206,2022-02-24,광대: 소리꾼,8.40
1207,2022-02-24,어나더 라운드,8.27
1208,2022-02-24,듄,7.96
1209,2022-02-24,킹스맨: 퍼스트 에이전트,7.93
1210,2022-02-24,하우스 오브 구찌,7.91
1211,2022-02-24,예수는 역사다,7.77
1212,2022-02-24,나일 강의 죽음,7.76
1213,2022-02-24,파워 오브 도그,7.71
1214,2022-02-24,언차티드,7.67
1215,2022-02-24,킹메이커,7.49
1216,2022-02-24,해리 포터와 불사조 기사단,7.04
1217,2022-02-24,만년이 지나도 변하지 않는 게 있어,6.72
1218,2022-02-24,웨스트 사이드 스토리,6.57
1219,2022-02-24,나의 촛불,6.41
1220,2022-02-24,355,6.28
1221,2022-02-24,해적: 도깨비 깃발,6.21
1222,2022-02-24,킹 오브 프리즘 -샤이니 세븐 스타즈-,2.16
1223,2022-02-25,전투왕,9.59
1224,2022-02-25,주전장,9.46
1225,2022-02-25,씽2게더,9.42
1226,2022-02-25,극장판 주술회전 0,9.40
1227,2022-02-25,코다,9.21
1228,2022-02-25,킹 오브 프리즘,9.18
1229,2022-02-25,킹 오브 프리즘 프라이드 더 히어로,9.10
1230,2022-02-25,스파이더맨: 노 웨이 홈,8.87
1231,2022-02-25,고양이를 부탁해,8.81
1232,2022-02-25,화양연화,8.79
1233,2022-02-25,마미,8.68
1234,2022-02-25,돈 룩 업,8.65
1235,2022-02-25,라라랜드,8.62
1236,2022-02-25,드라이브 마이 카,8.55
1237,2022-02-25,그녀에게,8.46
1238,2022-02-25,광대: 소리꾼,8.41
1239,2022-02-25,어나더 라운드,8.26
1240,2022-02-25,듄,7.96
1241,2022-02-25,킹스맨: 퍼스트 에이전트,7.93
1242,2022-02-25,하우스 오브 구찌,7.91
1243,2022-02-25,나일 강의 죽음,7.75
1244,2022-02-25,파워 오브 도그,7.70
1245,2022-02-25,언차티드,7.67
1246,2022-02-25,킹메이커,7.45
1247,2022-02-25,해리 포터와 불사조 기사단,7.04
1248,2022-02-25,만년이 지나도 변하지 않는 게 있어,6.72
1249,2022-02-25,웨스트 사이드 스토리,6.57
1250,2022-02-25,나의 촛불,6.42
1251,2022-02-25,355,6.24
1252,2022-02-25,해적: 도깨비 깃발,6.20
1253,2022-02-25,인민을 위해 복무하라,6.06
1254,2022-02-25,킹 오브 프리즘 -샤이니 세븐 스타즈-,2.16
1255,2022-02-26,전투왕,9.52
1256,2022-02-26,씽2게더,9.42
1257,2022-02-26,극장판 주술회전 0,9.40
1258,2022-02-26,코다,9.21
1259,2022-02-26,킹 오브 프리즘,9.18
1260,2022-02-26,킹 오브 프리즘 프라이드 더 히어로,9.10
1261,2022-02-26,스파이더맨: 노 웨이 홈,8.87
1262,2022-02-26,고양이를 부탁해,8.81
1263,2022-02-26,화양연화,8.79
1264,2022-02-26,마미,8.68
1265,2022-02-26,돈 룩 업,8.65
1266,2022-02-26,라라랜드,8.62
1267,2022-02-26,드라이브 마이 카,8.56
1268,2022-02-26,그녀에게,8.46
1269,2022-02-26,광대: 소리꾼,8.41
1270,2022-02-26,어나더 라운드,8.27
1271,2022-02-26,듄,7.96
1272,2022-02-26,킹스맨: 퍼스트 에이전트,7.93
1273,2022-02-26,하우스 오브 구찌,7.90
1274,2022-02-26,나일 강의 죽음,7.73
1275,2022-02-26,파워 오브 도그,7.70
1276,2022-02-26,언차티드,7.69
1277,2022-02-26,킹메이커,7.41
1278,2022-02-26,해리 포터와 불사조 기사단,7.04
1279,2022-02-26,만년이 지나도 변하지 않는 게 있어,6.73
1280,2022-02-26,웨스트 사이드 스토리,6.57
1281,2022-02-26,나의 촛불,6.42
1282,2022-02-26,355,6.24
1283,2022-02-26,해적: 도깨비 깃발,6.20
1284,2022-02-26,인민을 위해 복무하라,5.84
1285,2022-02-26,킹 오브 프리즘 -샤이니 세븐 스타즈-,2.16
1286,2022-02-27,전투왕,9.51
1287,2022-02-27,씽2게더,9.43
1288,2022-02-27,극장판 주술회전 0,9.39
1289,2022-02-27,코다,9.21
1290,2022-02-27,킹 오브 프리즘,9.18
1291,2022-02-27,킹 오브 프리즘 프라이드 더 히어로,9.10
1292,2022-02-27,스파이더맨: 노 웨이 홈,8.87
1293,2022-02-27,고양이를 부탁해,8.81
1294,2022-02-27,화양연화,8.80
1295,2022-02-27,돈 룩 업,8.66
1296,2022-02-27,라라랜드,8.62
1297,2022-02-27,드라이브 마이 카,8.56
1298,2022-02-27,그녀에게,8.46
1299,2022-02-27,광대: 소리꾼,8.41
1300,2022-02-27,나이트메어 앨리,8.35
1301,2022-02-27,어나더 라운드,8.27
1302,2022-02-27,듄,7.96
1303,2022-02-27,킹스맨: 퍼스트 에이전트,7.93
1304,2022-02-27,하우스 오브 구찌,7.91
1305,2022-02-27,나일 강의 죽음,7.73
1306,2022-02-27,파워 오브 도그,7.71
1307,2022-02-27,언차티드,7.69
1308,2022-02-27,킹메이커,7.38
1309,2022-02-27,안테벨룸,7.14
1310,2022-02-27,해리 포터와 불사조 기사단,7.04
1311,2022-02-27,만년이 지나도 변하지 않는 게 있어,6.71
1312,2022-02-27,웨스트 사이드 스토리,6.57
1313,2022-02-27,나의 촛불,6.42
1314,2022-02-27,355,6.23
1315,2022-02-27,해적: 도깨비 깃발,6.20
1316,2022-02-27,인민을 위해 복무하라,5.67
1317,2022-02-27,킹 오브 프리즘 -샤이니 세븐 스타즈-,2.17
1318,2022-02-28,전투왕,9.51
1319,2022-02-28,주전장,9.46
1320,2022-02-28,씽2게더,9.43
1321,2022-02-28,극장판 주술회전 0,9.37
1322,2022-02-28,코다,9.21
1323,2022-02-28,스파이더맨: 노 웨이 홈,8.87
1324,2022-02-28,고양이를 부탁해,8.81
1325,2022-02-28,화양연화,8.80
1326,2022-02-28,마미,8.68
1327,2022-02-28,돈 룩 업,8.66
1328,2022-02-28,드라이브 마이 카,8.57
1329,2022-02-28,그녀에게,8.46
1330,2022-02-28,광대: 소리꾼,8.42
1331,2022-02-28,나이트메어 앨리,8.33
1332,2022-02-28,어나더 라운드,8.27
1333,2022-02-28,듄,7.96
1334,2022-02-28,킹스맨: 퍼스트 에이전트,7.92
1335,2022-02-28,하우스 오브 구찌,7.91
1336,2022-02-28,나일 강의 죽음,7.73
1337,2022-02-28,언차티드,7.69
1338,2022-02-28,파워 오브 도그,7.69
1339,2022-02-28,킹메이커,7.38
1340,2022-02-28,안테벨룸,7.11
1341,2022-02-28,해리 포터와 불사조 기사단,7.04
1342,2022-02-28,만년이 지나도 변하지 않는 게 있어,6.73
1343,2022-02-28,웨스트 사이드 스토리,6.57
1344,2022-02-28,나의 촛불,6.47
1345,2022-02-28,해적: 도깨비 깃발,6.20
1346,2022-02-28,355,6.17
1347,2022-02-28,인민을 위해 복무하라,5.51
1348,2022-03-01,전투왕,9.53
1349,2022-03-01,씽2게더,9.43
1350,2022-03-01,극장판 주술회전 0,9.37
1351,2022-03-01,코다,9.21
1352,2022-03-01,스파이더맨: 노 웨이 홈,8.87
1353,2022-03-01,고양이를 부탁해,8.81
1354,2022-03-01,화양연화,8.80
1355,2022-03-01,마미,8.68
1356,2022-03-01,돈 룩 업,8.65
1357,2022-03-01,드라이브 마이 카,8.57
1358,2022-03-01,광대: 소리꾼,8.42
1359,2022-03-01,나이트메어 앨리,8.35
1360,2022-03-01,어나더 라운드,8.27
1361,2022-03-01,듄,7.96
1362,2022-03-01,하우스 오브 구찌,7.91
1363,2022-03-01,나일 강의 죽음,7.72
1364,2022-03-01,파워 오브 도그,7.69
1365,2022-03-01,언차티드,7.69
1366,2022-03-01,킹메이커,7.37
1367,2022-03-01,안테벨룸,7.08
1368,2022-03-01,더 배트맨,7.04
1369,2022-03-01,만년이 지나도 변하지 않는 게 있어,6.74
1370,2022-03-01,웨스트 사이드 스토리,6.57
1371,2022-03-01,나의 촛불,6.43
1372,2022-03-01,해적: 도깨비 깃발,6.20
1373,2022-03-01,인민을 위해 복무하라,5.51
1374,2022-03-02,전투왕,9.49
1375,2022-03-02,씽2게더,9.43
1376,2022-03-02,극장판 주술회전 0,9.35
1377,2022-03-02,코다,9.21
1378,2022-03-02,스파이더맨: 노 웨이 홈,8.87
1379,2022-03-02,화양연화,8.80
1380,2022-03-02,마미,8.68
1381,2022-03-02,돈 룩 업,8.65
1382,2022-03-02,드라이브 마이 카,8.55
1383,2022-03-02,광대: 소리꾼,8.42
1384,2022-03-02,나이트메어 앨리,8.32
1385,2022-03-02,어나더 라운드,8.27
1386,2022-03-02,듄,7.96
1387,2022-03-02,하우스 오브 구찌,7.90
1388,2022-03-02,나일 강의 죽음,7.72
1389,2022-03-02,파워 오브 도그,7.71
1390,2022-03-02,언차티드,7.67
1391,2022-03-02,킹메이커,7.36
1392,2022-03-02,더 배트맨,7.09
1393,2022-03-02,안테벨룸,7.03
1394,2022-03-02,만년이 지나도 변하지 않는 게 있어,6.72
1395,2022-03-02,웨스트 사이드 스토리,6.57
1396,2022-03-02,나의 촛불,6.40
1397,2022-03-02,해적: 도깨비 깃발,6.16
1398,2022-03-02,인민을 위해 복무하라,5.44
1399,2022-03-03,전투왕,9.49
1400,2022-03-03,씽2게더,9.42
1401,2022-03-03,극장판 주술회전 0,9.36
1402,2022-03-03,코다,9.21
1403,2022-03-03,스파이더맨: 노 웨이 홈,8.86
1404,2022-03-03,화양연화,8.80
1405,2022-03-03,마미,8.68
1406,2022-03-03,돈 룩 업,8.65
1407,2022-03-03,드라이브 마이 카,8.55
1408,2022-03-03,광대: 소리꾼,8.42
1409,2022-03-03,나이트메어 앨리,8.30
1410,2022-03-03,어나더 라운드,8.27
1411,2022-03-03,듄,7.96
1412,2022-03-03,하우스 오브 구찌,7.91
1413,2022-03-03,나일 강의 죽음,7.71
1414,2022-03-03,파워 오브 도그,7.71
1415,2022-03-03,언차티드,7.65
1416,2022-03-03,킹메이커,7.35
1417,2022-03-03,더 배트맨,7.13
1418,2022-03-03,안테벨룸,7.06
1419,2022-03-03,만년이 지나도 변하지 않는 게 있어,6.72
1420,2022-03-03,웨스트 사이드 스토리,6.56
1421,2022-03-03,나의 촛불,6.39
1422,2022-03-03,해적: 도깨비 깃발,6.05
1423,2022-03-03,인민을 위해 복무하라,5.43
1424,2022-03-04,전투왕,9.53
1425,2022-03-04,씽2게더,9.42
1426,2022-03-04,극장판 주술회전 0,9.34
1427,2022-03-04,코다,9.20
1428,2022-03-04,스파이더맨: 노 웨이 홈,8.87
1429,2022-03-04,화양연화,8.80
1430,2022-03-04,마미,8.68
1431,2022-03-04,돈 룩 업,8.65
1432,2022-03-04,드라이브 마이 카,8.55
1433,2022-03-04,광대: 소리꾼,8.42
1434,2022-03-04,나이트메어 앨리,8.29
1435,2022-03-04,어나더 라운드,8.27
1436,2022-03-04,듄,7.96
1437,2022-03-04,하우스 오브 구찌,7.91
1438,2022-03-04,나일 강의 죽음,7.71
1439,2022-03-04,파워 오브 도그,7.71
1440,2022-03-04,언차티드,7.65
1441,2022-03-04,킹메이커,7.34
1442,2022-03-04,더 배트맨,7.17
1443,2022-03-04,안테벨룸,7.08
1444,2022-03-04,만년이 지나도 변하지 않는 게 있어,6.72
1445,2022-03-04,웨스트 사이드 스토리,6.55
1446,2022-03-04,나의 촛불,6.31
1447,2022-03-04,해적: 도깨비 깃발,5.96
1448,2022-03-04,인민을 위해 복무하라,5.40
1449,2022-03-05,전투왕,9.52
1450,2022-03-05,씽2게더,9.42
1451,2022-03-05,극장판 주술회전 0,9.35
1452,2022-03-05,코다,9.20
1453,2022-03-05,스파이더맨: 노 웨이 홈,8.86
1454,2022-03-05,화양연화,8.80
1455,2022-03-05,마미,8.68
1456,2022-03-05,돈 룩 업,8.65
1457,2022-03-05,드라이브 마이 카,8.54
1458,2022-03-05,광대: 소리꾼,8.42
1459,2022-03-05,나이트메어 앨리,8.29
1460,2022-03-05,어나더 라운드,8.27
1461,2022-03-05,듄,7.96
1462,2022-03-05,하우스 오브 구찌,7.91
1463,2022-03-05,파워 오브 도그,7.72
1464,2022-03-05,나일 강의 죽음,7.71
1465,2022-03-05,언차티드,7.66
1466,2022-03-05,킹메이커,7.33
1467,2022-03-05,더 배트맨,7.13
1468,2022-03-05,안테벨룸,7.09
1469,2022-03-05,만년이 지나도 변하지 않는 게 있어,6.72
1470,2022-03-05,웨스트 사이드 스토리,6.54
1471,2022-03-05,나의 촛불,6.29
1472,2022-03-05,해적: 도깨비 깃발,5.84
1473,2022-03-05,인민을 위해 복무하라,5.39
1474,2022-03-06,전투왕,9.50
1475,2022-03-06,씽2게더,9.42
1476,2022-03-06,극장판 주술회전 0,9.34
1477,2022-03-06,코다,9.20
1478,2022-03-06,스파이더맨: 노 웨이 홈,8.86
1479,2022-03-06,화양연화,8.80
1480,2022-03-06,마미,8.68
1481,2022-03-06,돈 룩 업,8.65
1482,2022-03-06,드라이브 마이 카,8.53
1483,2022-03-06,광대: 소리꾼,8.42
1484,2022-03-06,나이트메어 앨리,8.31
1485,2022-03-06,어나더 라운드,8.28
1486,2022-03-06,듄,7.96
1487,2022-03-06,하우스 오브 구찌,7.91
1488,2022-03-06,파워 오브 도그,7.72
1489,2022-03-06,나일 강의 죽음,7.70
1490,2022-03-06,언차티드,7.65
1491,2022-03-06,킹메이커,7.33
1492,2022-03-06,더 배트맨,7.12
1493,2022-03-06,안테벨룸,7.09
1494,2022-03-06,만년이 지나도 변하지 않는 게 있어,6.72
1495,2022-03-06,웨스트 사이드 스토리,6.54
1496,2022-03-06,나의 촛불,6.24
1497,2022-03-06,해적: 도깨비 깃발,5.77
1498,2022-03-06,인민을 위해 복무하라,5.41
1499,2022-03-07,전투왕,9.49
1500,2022-03-07,씽2게더,9.42
1501,2022-03-07,극장판 주술회전 0,9.34
1502,2022-03-07,코다,9.20
1503,2022-03-07,스파이더맨: 노 웨이 홈,8.86
1504,2022-03-07,화양연화,8.80
1505,2022-03-07,마미,8.68
1506,2022-03-07,돈 룩 업,8.65
1507,2022-03-07,드라이브 마이 카,8.53
1508,2022-03-07,광대: 소리꾼,8.42
1509,2022-03-07,나이트메어 앨리,8.31
1510,2022-03-07,어나더 라운드,8.28
1511,2022-03-07,듄,7.96
1512,2022-03-07,하우스 오브 구찌,7.90
1513,2022-03-07,파워 오브 도그,7.72
1514,2022-03-07,나일 강의 죽음,7.69
1515,2022-03-07,언차티드,7.65
1516,2022-03-07,킹메이커,7.32
1517,2022-03-07,더 배트맨,7.13
1518,2022-03-07,안테벨룸,7.09
1519,2022-03-07,만년이 지나도 변하지 않는 게 있어,6.73
1520,2022-03-07,웨스트 사이드 스토리,6.53
1521,2022-03-07,나의 촛불,6.22
1522,2022-03-07,해적: 도깨비 깃발,5.75
1523,2022-03-07,인민을 위해 복무하라,5.40
1524,2022-03-08,전투왕,9.44
1525,2022-03-08,씽2게더,9.42
1526,2022-03-08,극장판 주술회전 0,9.32
1527,2022-03-08,코다,9.19
1528,2022-03-08,스파이더맨: 노 웨이 홈,8.86
1529,2022-03-08,화양연화,8.80
1530,2022-03-08,마미,8.68
1531,2022-03-08,돈 룩 업,8.65
1532,2022-03-08,드라이브 마이 카,8.53
1533,2022-03-08,광대: 소리꾼,8.42
1534,2022-03-08,나이트메어 앨리,8.30
1535,2022-03-08,어나더 라운드,8.28
1536,2022-03-08,듄,7.96
1537,2022-03-08,하우스 오브 구찌,7.90
1538,2022-03-08,파워 오브 도그,7.71
1539,2022-03-08,나일 강의 죽음,7.69
1540,2022-03-08,언차티드,7.65
1541,2022-03-08,킹메이커,7.32
1542,2022-03-08,더 배트맨,7.15
1543,2022-03-08,안테벨룸,7.09
1544,2022-03-08,만년이 지나도 변하지 않는 게 있어,6.74
1545,2022-03-08,웨스트 사이드 스토리,6.51
1546,2022-03-08,나의 촛불,6.20
1547,2022-03-08,해적: 도깨비 깃발,5.72
1548,2022-03-08,인민을 위해 복무하라,5.41
1549,2022-03-09,씽2게더,9.42
1550,2022-03-09,전투왕,9.38
1551,2022-03-09,극장판 주술회전 0,9.33
1552,2022-03-09,코다,9.19
1553,2022-03-09,이상한 나라의 수학자,8.87
1554,2022-03-09,스파이더맨: 노 웨이 홈,8.86
1555,2022-03-09,화양연화,8.80
1556,2022-03-09,마미,8.68
1557,2022-03-09,돈 룩 업,8.65
1558,2022-03-09,드라이브 마이 카,8.54
1559,2022-03-09,광대: 소리꾼,8.42
1560,2022-03-09,나이트메어 앨리,8.30
1561,2022-03-09,어나더 라운드,8.28
1562,2022-03-09,듄,7.96
1563,2022-03-09,하우스 오브 구찌,7.90
1564,2022-03-09,파워 오브 도그,7.71
1565,2022-03-09,나일 강의 죽음,7.69
1566,2022-03-09,언차티드,7.65
1567,2022-03-09,킹메이커,7.32
1568,2022-03-09,더 배트맨,7.14
1569,2022-03-09,안테벨룸,7.08
1570,2022-03-09,만년이 지나도 변하지 않는 게 있어,6.73
1571,2022-03-09,웨스트 사이드 스토리,6.51
1572,2022-03-09,나의 촛불,6.20
1573,2022-03-09,해적: 도깨비 깃발,5.70
1574,2022-03-09,인민을 위해 복무하라,5.35
1575,2022-03-10,씽2게더,9.42
1576,2022-03-10,전투왕,9.35
1577,2022-03-10,극장판 주술회전 0,9.33
1578,2022-03-10,코다,9.19
1579,2022-03-10,스파이더맨: 노 웨이 홈,8.86
1580,2022-03-10,화양연화,8.80
1581,2022-03-10,이상한 나라의 수학자,8.77
1582,2022-03-10,돈 룩 업,8.65
1583,2022-03-10,드라이브 마이 카,8.54
1584,2022-03-10,광대: 소리꾼,8.42
1585,2022-03-10,나이트메어 앨리,8.30
1586,2022-03-10,어나더 라운드,8.28
1587,2022-03-10,듄,7.96
1588,2022-03-10,하우스 오브 구찌,7.90
1589,2022-03-10,파워 오브 도그,7.72
1590,2022-03-10,나일 강의 죽음,7.68
1591,2022-03-10,언차티드,7.66
1592,2022-03-10,킹메이커,7.32
1593,2022-03-10,더 배트맨,7.15
1594,2022-03-10,안테벨룸,7.09
1595,2022-03-10,만년이 지나도 변하지 않는 게 있어,6.73
1596,2022-03-10,웨스트 사이드 스토리,6.51
1597,2022-03-10,나의 촛불,6.19
1598,2022-03-10,해적: 도깨비 깃발,5.69
1599,2022-03-10,인민을 위해 복무하라,5.30
1600,2022-03-11,씽2게더,9.42
1601,2022-03-11,극장판 주술회전 0,9.32
1602,2022-03-11,전투왕,9.30
1603,2022-03-11,코다,9.19
1604,2022-03-11,스파이더맨: 노 웨이 홈,8.86
1605,2022-03-11,화양연화,8.80
1606,2022-03-11,돈 룩 업,8.65
1607,2022-03-11,이상한 나라의 수학자,8.61
1608,2022-03-11,드라이브 마이 카,8.54
1609,2022-03-11,광대: 소리꾼,8.42
1610,2022-03-11,나이트메어 앨리,8.29
1611,2022-03-11,어나더 라운드,8.29
1612,2022-03-11,듄,7.96
1613,2022-03-11,하우스 오브 구찌,7.91
1614,2022-03-11,파워 오브 도그,7.74
1615,2022-03-11,나일 강의 죽음,7.69
1616,2022-03-11,언차티드,7.65
1617,2022-03-11,킹메이커,7.32
1618,2022-03-11,더 배트맨,7.14
1619,2022-03-11,안테벨룸,7.10
1620,2022-03-11,만년이 지나도 변하지 않는 게 있어,6.73
1621,2022-03-11,웨스트 사이드 스토리,6.50
1622,2022-03-11,나의 촛불,6.19
1623,2022-03-11,해적: 도깨비 깃발,5.68
1624,2022-03-11,인민을 위해 복무하라,5.29
1625,2022-03-12,씽2게더,9.42
1626,2022-03-12,극장판 주술회전 0,9.32
1627,2022-03-12,전투왕,9.28
1628,2022-03-12,코다,9.19
1629,2022-03-12,스파이더맨: 노 웨이 홈,8.86
1630,2022-03-12,화양연화,8.80
1631,2022-03-12,이상한 나라의 수학자,8.58
1632,2022-03-12,드라이브 마이 카,8.54
1633,2022-03-12,광대: 소리꾼,8.42
1634,2022-03-12,어나더 라운드,8.29
1635,2022-03-12,나이트메어 앨리,8.27
1636,2022-03-12,듄,7.96
1637,2022-03-12,하우스 오브 구찌,7.91
1638,2022-03-12,파워 오브 도그,7.74
1639,2022-03-12,나일 강의 죽음,7.69
1640,2022-03-12,언차티드,7.65
1641,2022-03-12,킹메이커,7.31
1642,2022-03-12,더 배트맨,7.14
1643,2022-03-12,안테벨룸,7.09
1644,2022-03-12,만년이 지나도 변하지 않는 게 있어,6.74
1645,2022-03-12,웨스트 사이드 스토리,6.50
1646,2022-03-12,나의 촛불,6.18
1647,2022-03-12,해적: 도깨비 깃발,5.67
1648,2022-03-12,인민을 위해 복무하라,5.24
1649,2022-03-13,씽2게더,9.42
1650,2022-03-13,극장판 주술회전 0,9.32
1651,2022-03-13,전투왕,9.23
1652,2022-03-13,코다,9.19
1653,2022-03-13,스파이더맨: 노 웨이 홈,8.86
1654,2022-03-13,화양연화,8.80
1655,2022-03-13,드라이브 마이 카,8.54
1656,2022-03-13,이상한 나라의 수학자,8.52
1657,2022-03-13,광대: 소리꾼,8.42
1658,2022-03-13,어나더 라운드,8.28
1659,2022-03-13,나이트메어 앨리,8.24
1660,2022-03-13,듄,7.96
1661,2022-03-13,하우스 오브 구찌,7.91
1662,2022-03-13,파워 오브 도그,7.73
1663,2022-03-13,나일 강의 죽음,7.69
1664,2022-03-13,언차티드,7.65
1665,2022-03-13,킹메이커,7.30
1666,2022-03-13,더 배트맨,7.14
1667,2022-03-13,안테벨룸,7.11
1668,2022-03-13,만년이 지나도 변하지 않는 게 있어,6.74
1669,2022-03-13,나의 촛불,6.17
1670,2022-03-13,해적: 도깨비 깃발,5.67
1671,2022-03-13,인민을 위해 복무하라,5.22
1672,2022-03-14,씽2게더,9.42
1673,2022-03-14,극장판 주술회전 0,9.32
1674,2022-03-14,전투왕,9.21
1675,2022-03-14,코다,9.19
1676,2022-03-14,스파이더맨: 노 웨이 홈,8.85
1677,2022-03-14,화양연화,8.80
1678,2022-03-14,드라이브 마이 카,8.53
1679,2022-03-14,이상한 나라의 수학자,8.46
1680,2022-03-14,광대: 소리꾼,8.42
1681,2022-03-14,어나더 라운드,8.28
1682,2022-03-14,나이트메어 앨리,8.22
1683,2022-03-14,듄,7.96
1684,2022-03-14,하우스 오브 구찌,7.91
1685,2022-03-14,파워 오브 도그,7.74
1686,2022-03-14,나일 강의 죽음,7.69
1687,2022-03-14,언차티드,7.65
1688,2022-03-14,킹메이커,7.30
1689,2022-03-14,더 배트맨,7.15
1690,2022-03-14,안테벨룸,7.12
1691,2022-03-14,만년이 지나도 변하지 않는 게 있어,6.74
1692,2022-03-14,나의 촛불,6.17
1693,2022-03-14,해적: 도깨비 깃발,5.66
1694,2022-03-14,인민을 위해 복무하라,5.19
1695,2022-03-15,씽2게더,9.42
1696,2022-03-15,극장판 주술회전 0,9.32
1697,2022-03-15,코다,9.19
1698,2022-03-15,전투왕,9.18
1699,2022-03-15,스파이더맨: 노 웨이 홈,8.85
1700,2022-03-15,화양연화,8.80
1701,2022-03-15,드라이브 마이 카,8.53
1702,2022-03-15,광대: 소리꾼,8.42
1703,2022-03-15,이상한 나라의 수학자,8.41
1704,2022-03-15,어나더 라운드,8.28
1705,2022-03-15,나이트메어 앨리,8.21
1706,2022-03-15,듄,7.96
1707,2022-03-15,하우스 오브 구찌,7.91
1708,2022-03-15,파워 오브 도그,7.74
1709,2022-03-15,나일 강의 죽음,7.69
1710,2022-03-15,언차티드,7.65
1711,2022-03-15,킹메이커,7.29
1712,2022-03-15,더 배트맨,7.16
1713,2022-03-15,안테벨룸,7.12
1714,2022-03-15,만년이 지나도 변하지 않는 게 있어,6.74
1715,2022-03-15,나의 촛불,6.17
1716,2022-03-15,해적: 도깨비 깃발,5.66
1717,2022-03-15,인민을 위해 복무하라,5.20
1718,2022-03-16,씽2게더,9.42
1719,2022-03-16,극장판 주술회전 0,9.33
1720,2022-03-16,크루엘라,9.20
1721,2022-03-16,코다,9.19
1722,2022-03-16,스파이더맨: 노 웨이 홈,8.85
1723,2022-03-16,"틱, 틱... 붐!",8.85
1724,2022-03-16,화양연화,8.80
1725,2022-03-16,돈 룩 업,8.65
1726,2022-03-16,드라이브 마이 카,8.51
1727,2022-03-16,광대: 소리꾼,8.42
1728,2022-03-16,이상한 나라의 수학자,8.40
1729,2022-03-16,어나더 라운드,8.29
1730,2022-03-16,엔칸토: 마법의 세계,8.26
1731,2022-03-16,나이트메어 앨리,8.21
1732,2022-03-16,듄,7.96
1733,2022-03-16,파워 오브 도그,7.74
1734,2022-03-16,나일 강의 죽음,7.69
1735,2022-03-16,언차티드,7.65
1736,2022-03-16,킹메이커,7.29
1737,2022-03-16,더 배트맨,7.16
1738,2022-03-16,안테벨룸,7.14
1739,2022-03-16,나의 촛불,6.16
1740,2022-03-16,해적: 도깨비 깃발,5.65
1741,2022-03-16,인민을 위해 복무하라,5.17
1742,2022-03-17,씽2게더,9.42
1743,2022-03-17,극장판 주술회전 0,9.33
1744,2022-03-17,크루엘라,9.20
1745,2022-03-17,코다,9.19
1746,2022-03-17,스파이더맨: 노 웨이 홈,8.85
1747,2022-03-17,"틱, 틱... 붐!",8.84
1748,2022-03-17,한공주,8.80
1749,2022-03-17,화양연화,8.80
1750,2022-03-17,벌새,8.74
1751,2022-03-17,돈 룩 업,8.65
1752,2022-03-17,드라이브 마이 카,8.52
1753,2022-03-17,광대: 소리꾼,8.42
1754,2022-03-17,이상한 나라의 수학자,8.37
1755,2022-03-17,어나더 라운드,8.29
1756,2022-03-17,엔칸토: 마법의 세계,8.26
1757,2022-03-17,나이트메어 앨리,8.23
1758,2022-03-17,듄,7.96
1759,2022-03-17,파워 오브 도그,7.75
1760,2022-03-17,나일 강의 죽음,7.69
1761,2022-03-17,언차티드,7.65
1762,2022-03-17,킹메이커,7.29
1763,2022-03-17,더 배트맨,7.16
1764,2022-03-17,안테벨룸,7.13
1765,2022-03-17,문폴,6.41
1766,2022-03-17,나의 촛불,6.15
1767,2022-03-17,해적: 도깨비 깃발,5.65
1768,2022-03-17,인민을 위해 복무하라,5.15
1769,2022-03-17,우상,3.91
1770,2022-03-18,씽2게더,9.42
1771,2022-03-18,패왕별희 디 오리지널,9.31
1772,2022-03-18,극장판 주술회전 0,9.31
1773,2022-03-18,크루엘라,9.20
1774,2022-03-18,코다,9.19
1775,2022-03-18,해피 투게더,9.19
1776,2022-03-18,스파이더맨: 노 웨이 홈,8.85
1777,2022-03-18,"틱, 틱... 붐!",8.84
1778,2022-03-18,한공주,8.80
1779,2022-03-18,화양연화,8.80
1780,2022-03-18,벌새,8.74
1781,2022-03-18,돈 룩 업,8.65
1782,2022-03-18,드라이브 마이 카,8.52
1783,2022-03-18,아비정전,8.46
1784,2022-03-18,광대: 소리꾼,8.42
1785,2022-03-18,이상한 나라의 수학자,8.34
1786,2022-03-18,어나더 라운드,8.29
1787,2022-03-18,엔칸토: 마법의 세계,8.26
1788,2022-03-18,나이트메어 앨리,8.21
1789,2022-03-18,듄,7.96
1790,2022-03-18,파워 오브 도그,7.75
1791,2022-03-18,언차티드,7.65
1792,2022-03-18,킹메이커,7.29
1793,2022-03-18,더 배트맨,7.17
1794,2022-03-18,안테벨룸,7.13
1795,2022-03-18,문폴,6.27
1796,2022-03-18,나의 촛불,6.14
1797,2022-03-18,해적: 도깨비 깃발,5.64
1798,2022-03-18,인민을 위해 복무하라,5.13
1799,2022-03-18,우상,3.91
1800,2022-03-19,씽2게더,9.42
1801,2022-03-19,극장판 주술회전 0,9.31
1802,2022-03-19,패왕별희 디 오리지널,9.31
1803,2022-03-19,크루엘라,9.20
1804,2022-03-19,해피 투게더,9.19
1805,2022-03-19,코다,9.19
1806,2022-03-19,스파이더맨: 노 웨이 홈,8.85
1807,2022-03-19,"틱, 틱... 붐!",8.84
1808,2022-03-19,한공주,8.80
1809,2022-03-19,화양연화,8.80
1810,2022-03-19,벌새,8.74
1811,2022-03-19,돈 룩 업,8.65
1812,2022-03-19,드라이브 마이 카,8.52
1813,2022-03-19,아비정전,8.46
1814,2022-03-19,광대: 소리꾼,8.42
1815,2022-03-19,이상한 나라의 수학자,8.35
1816,2022-03-19,어나더 라운드,8.29
1817,2022-03-19,엔칸토: 마법의 세계,8.26
1818,2022-03-19,나이트메어 앨리,8.20
1819,2022-03-19,듄,7.96
1820,2022-03-19,파워 오브 도그,7.73
1821,2022-03-19,언차티드,7.65
1822,2022-03-19,킹메이커,7.29
1823,2022-03-19,더 배트맨,7.18
1824,2022-03-19,안테벨룸,7.14
1825,2022-03-19,나의 촛불,6.12
1826,2022-03-19,문폴,5.76
1827,2022-03-19,해적: 도깨비 깃발,5.63
1828,2022-03-19,인민을 위해 복무하라,5.12
1829,2022-03-19,우상,3.91
1830,2022-03-20,씽2게더,9.41
1831,2022-03-20,극장판 주술회전 0,9.31
1832,2022-03-20,패왕별희 디 오리지널,9.31
1833,2022-03-20,크루엘라,9.20
1834,2022-03-20,해피 투게더,9.19
1835,2022-03-20,코다,9.19
1836,2022-03-20,스파이더맨: 노 웨이 홈,8.84
1837,2022-03-20,"틱, 틱... 붐!",8.84
1838,2022-03-20,한공주,8.80
1839,2022-03-20,화양연화,8.80
1840,2022-03-20,벌새,8.74
1841,2022-03-20,돈 룩 업,8.65
1842,2022-03-20,드라이브 마이 카,8.50
1843,2022-03-20,아비정전,8.46
1844,2022-03-20,광대: 소리꾼,8.42
1845,2022-03-20,이상한 나라의 수학자,8.35
1846,2022-03-20,어나더 라운드,8.29
1847,2022-03-20,엔칸토: 마법의 세계,8.26
1848,2022-03-20,나이트메어 앨리,8.19
1849,2022-03-20,듄,7.96
1850,2022-03-20,파워 오브 도그,7.72
1851,2022-03-20,언차티드,7.65
1852,2022-03-20,스펜서,7.58
1853,2022-03-20,킹메이커,7.29
1854,2022-03-20,더 배트맨,7.18
1855,2022-03-20,안테벨룸,7.15
1856,2022-03-20,나의 촛불,6.12
1857,2022-03-20,해적: 도깨비 깃발,5.63
1858,2022-03-20,문폴,5.61
1859,2022-03-20,인민을 위해 복무하라,5.12
1860,2022-03-20,우상,3.91
1861,2022-03-21,씽2게더,9.41
1862,2022-03-21,패왕별희 디 오리지널,9.31
1863,2022-03-21,극장판 주술회전 0,9.31
1864,2022-03-21,크루엘라,9.20
1865,2022-03-21,해피 투게더,9.19
1866,2022-03-21,코다,9.19
1867,2022-03-21,"틱, 틱... 붐!",8.84
1868,2022-03-21,스파이더맨: 노 웨이 홈,8.84
1869,2022-03-21,한공주,8.80
1870,2022-03-21,화양연화,8.80
1871,2022-03-21,벌새,8.74
1872,2022-03-21,돈 룩 업,8.65
1873,2022-03-21,드라이브 마이 카,8.50
1874,2022-03-21,아비정전,8.46
1875,2022-03-21,광대: 소리꾼,8.42
1876,2022-03-21,이상한 나라의 수학자,8.33
1877,2022-03-21,어나더 라운드,8.29
1878,2022-03-21,엔칸토: 마법의 세계,8.26
1879,2022-03-21,나이트메어 앨리,8.18
1880,2022-03-21,듄,7.96
1881,2022-03-21,파워 오브 도그,7.70
1882,2022-03-21,언차티드,7.65
1883,2022-03-21,스펜서,7.61
1884,2022-03-21,킹메이커,7.29
1885,2022-03-21,더 배트맨,7.20
1886,2022-03-21,안테벨룸,7.15
1887,2022-03-21,나의 촛불,6.12
1888,2022-03-21,해적: 도깨비 깃발,5.62
1889,2022-03-21,문폴,5.56
1890,2022-03-21,인민을 위해 복무하라,5.12
1891,2022-03-21,우상,3.91
1892,2022-03-22,씽2게더,9.41
1893,2022-03-22,패왕별희 디 오리지널,9.31
1894,2022-03-22,극장판 주술회전 0,9.31
1895,2022-03-22,크루엘라,9.20
1896,2022-03-22,해피 투게더,9.19
1897,2022-03-22,코다,9.19
1898,2022-03-22,"틱, 틱... 붐!",8.84
1899,2022-03-22,스파이더맨: 노 웨이 홈,8.84
1900,2022-03-22,한공주,8.80
1901,2022-03-22,화양연화,8.80
1902,2022-03-22,벌새,8.74
1903,2022-03-22,돈 룩 업,8.65
1904,2022-03-22,드라이브 마이 카,8.50
1905,2022-03-22,아비정전,8.46
1906,2022-03-22,광대: 소리꾼,8.42
1907,2022-03-22,이상한 나라의 수학자,8.31
1908,2022-03-22,어나더 라운드,8.29
1909,2022-03-22,엔칸토: 마법의 세계,8.26
1910,2022-03-22,나이트메어 앨리,8.17
1911,2022-03-22,듄,7.96
1912,2022-03-22,파워 오브 도그,7.70
1913,2022-03-22,언차티드,7.65
1914,2022-03-22,스펜서,7.63
1915,2022-03-22,킹메이커,7.29
1916,2022-03-22,더 배트맨,7.20
1917,2022-03-22,안테벨룸,7.15
1918,2022-03-22,나의 촛불,6.12
1919,2022-03-22,해적: 도깨비 깃발,5.62
1920,2022-03-22,문폴,5.53
1921,2022-03-22,인민을 위해 복무하라,5.11
1922,2022-03-22,우상,3.91
1923,2022-03-23,씽2게더,9.41
1924,2022-03-23,가나의 혼인잔치: 언약,9.41
1925,2022-03-23,패왕별희 디 오리지널,9.31
1926,2022-03-23,극장판 주술회전 0,9.31
1927,2022-03-23,크루엘라,9.20
1928,2022-03-23,해피 투게더,9.19
1929,2022-03-23,"틱, 틱... 붐!",8.84
1930,2022-03-23,스파이더맨: 노 웨이 홈,8.84
1931,2022-03-23,한공주,8.80
1932,2022-03-23,화양연화,8.80
1933,2022-03-23,벌새,8.74
1934,2022-03-23,돈 룩 업,8.65
1935,2022-03-23,드라이브 마이 카,8.50
1936,2022-03-23,아비정전,8.46
1937,2022-03-23,광대: 소리꾼,8.42
1938,2022-03-23,이상한 나라의 수학자,8.30
1939,2022-03-23,어나더 라운드,8.28
1940,2022-03-23,엔칸토: 마법의 세계,8.26
1941,2022-03-23,신비한 동물사전,8.18
1942,2022-03-23,나이트메어 앨리,8.16
1943,2022-03-23,듄,7.96
1944,2022-03-23,파워 오브 도그,7.70
1945,2022-03-23,언차티드,7.64
1946,2022-03-23,스펜서,7.61
1947,2022-03-23,킹메이커,7.29
1948,2022-03-23,더 배트맨,7.22
1949,2022-03-23,안테벨룸,7.14
1950,2022-03-23,나의 촛불,6.12
1951,2022-03-23,해적: 도깨비 깃발,5.62
1952,2022-03-23,문폴,5.55
1953,2022-03-23,인민을 위해 복무하라,5.11
1954,2022-03-23,우상,3.91
1955,2022-03-24,씽2게더,9.41
1956,2022-03-24,가나의 혼인잔치: 언약,9.41
1957,2022-03-24,패왕별희 디 오리지널,9.31
1958,2022-03-24,극장판 주술회전 0,9.31
1959,2022-03-24,크루엘라,9.20
1960,2022-03-24,해피 투게더,9.19
1961,2022-03-24,키즈 리턴,8.94
1962,2022-03-24,아무도 모른다,8.88
1963,2022-03-24,"틱, 틱... 붐!",8.84
1964,2022-03-24,스파이더맨: 노 웨이 홈,8.84
1965,2022-03-24,한공주,8.80
1966,2022-03-24,화양연화,8.80
1967,2022-03-24,벌새,8.74
1968,2022-03-24,돈 룩 업,8.66
1969,2022-03-24,하나-비,8.56
1970,2022-03-24,드라이브 마이 카,8.49
1971,2022-03-24,아비정전,8.46
1972,2022-03-24,광대: 소리꾼,8.42
1973,2022-03-24,이상한 나라의 수학자,8.30
1974,2022-03-24,어나더 라운드,8.29
1975,2022-03-24,엔칸토: 마법의 세계,8.26
1976,2022-03-24,신비한 동물사전,8.18
1977,2022-03-24,나이트메어 앨리,8.15
1978,2022-03-24,뜨거운 피,8.03
1979,2022-03-24,환상의 빛,8.00
1980,2022-03-24,원더풀 라이프,7.97
1981,2022-03-24,듄,7.96
1982,2022-03-24,파워 오브 도그,7.71
1983,2022-03-24,언차티드,7.64
1984,2022-03-24,스펜서,7.64
1985,2022-03-24,킹메이커,7.29
1986,2022-03-24,더 배트맨,7.22
1987,2022-03-24,안테벨룸,7.13
1988,2022-03-24,나의 촛불,6.12
1989,2022-03-24,해적: 도깨비 깃발,5.62
1990,2022-03-24,문폴,5.55
1991,2022-03-24,인민을 위해 복무하라,5.10
1992,2022-03-24,우상,3.91
1993,2022-03-25,씽2게더,9.41
1994,2022-03-25,극장판 주술회전 0,9.31
1995,2022-03-25,패왕별희 디 오리지널,9.31
1996,2022-03-25,크루엘라,9.20
1997,2022-03-25,해피 투게더,9.19
1998,2022-03-25,키즈 리턴,8.94
1999,2022-03-25,아무도 모른다,8.88
2000,2022-03-25,스파이더맨: 노 웨이 홈,8.84
2001,2022-03-25,"틱, 틱... 붐!",8.84
2002,2022-03-25,한공주,8.80
2003,2022-03-25,화양연화,8.80
2004,2022-03-25,벌새,8.74
2005,2022-03-25,돈 룩 업,8.66
2006,2022-03-25,하나-비,8.56
2007,2022-03-25,드라이브 마이 카,8.49
2008,2022-03-25,아비정전,8.46
2009,2022-03-25,광대: 소리꾼,8.42
2010,2022-03-25,어나더 라운드,8.29
2011,2022-03-25,이상한 나라의 수학자,8.27
2012,2022-03-25,엔칸토: 마법의 세계,8.26
2013,2022-03-25,신비한 동물사전,8.18
2014,2022-03-25,나이트메어 앨리,8.14
2015,2022-03-25,환상의 빛,8.00
2016,2022-03-25,원더풀 라이프,7.97
2017,2022-03-25,듄,7.96
2018,2022-03-25,뜨거운 피,7.71
2019,2022-03-25,파워 오브 도그,7.71
2020,2022-03-25,언차티드,7.64
2021,2022-03-25,스펜서,7.63
2022,2022-03-25,킹메이커,7.29
2023,2022-03-25,더 배트맨,7.22
2024,2022-03-25,안테벨룸,7.13
2025,2022-03-25,나의 촛불,6.11
2026,2022-03-25,해적: 도깨비 깃발,5.62
2027,2022-03-25,문폴,5.55
2028,2022-03-25,인민을 위해 복무하라,5.10
2029,2022-03-26,씽2게더,9.41
2030,2022-03-26,패왕별희 디 오리지널,9.31
2031,2022-03-26,극장판 주술회전 0,9.31
2032,2022-03-26,크루엘라,9.20
2033,2022-03-26,해피 투게더,9.19
2034,2022-03-26,키즈 리턴,8.94
2035,2022-03-26,아무도 모른다,8.88
2036,2022-03-26,스파이더맨: 노 웨이 홈,8.84
2037,2022-03-26,"틱, 틱... 붐!",8.83
2038,2022-03-26,화양연화,8.80
2039,2022-03-26,돈 룩 업,8.66
2040,2022-03-26,하나-비,8.56
2041,2022-03-26,드라이브 마이 카,8.48
2042,2022-03-26,아비정전,8.46
2043,2022-03-26,광대: 소리꾼,8.42
2044,2022-03-26,이상한 나라의 수학자,8.29
2045,2022-03-26,어나더 라운드,8.29
2046,2022-03-26,엔칸토: 마법의 세계,8.26
2047,2022-03-26,신비한 동물사전,8.18
2048,2022-03-26,나이트메어 앨리,8.14
2049,2022-03-26,환상의 빛,8.00
2050,2022-03-26,원더풀 라이프,7.97
2051,2022-03-26,듄,7.96
2052,2022-03-26,파워 오브 도그,7.71
2053,2022-03-26,스펜서,7.64
2054,2022-03-26,언차티드,7.64
2055,2022-03-26,뜨거운 피,7.60
2056,2022-03-26,킹메이커,7.28
2057,2022-03-26,더 배트맨,7.23
2058,2022-03-26,안테벨룸,7.12
2059,2022-03-26,해적: 도깨비 깃발,5.61
2060,2022-03-26,문폴,5.49
2061,2022-03-26,인민을 위해 복무하라,5.11
2062,2022-03-27,씽2게더,9.41
2063,2022-03-27,패왕별희 디 오리지널,9.31
2064,2022-03-27,극장판 주술회전 0,9.30
2065,2022-03-27,크루엘라,9.20
2066,2022-03-27,해피 투게더,9.19
2067,2022-03-27,키즈 리턴,8.94
2068,2022-03-27,아무도 모른다,8.88
2069,2022-03-27,"틱, 틱... 붐!",8.83
2070,2022-03-27,스파이더맨: 노 웨이 홈,8.83
2071,2022-03-27,화양연화,8.80
2072,2022-03-27,돈 룩 업,8.66
2073,2022-03-27,하나-비,8.56
2074,2022-03-27,드라이브 마이 카,8.48
2075,2022-03-27,아비정전,8.46
2076,2022-03-27,광대: 소리꾼,8.42
2077,2022-03-27,이상한 나라의 수학자,8.30
2078,2022-03-27,어나더 라운드,8.29
2079,2022-03-27,엔칸토: 마법의 세계,8.26
2080,2022-03-27,신비한 동물사전,8.18
2081,2022-03-27,나이트메어 앨리,8.13
2082,2022-03-27,환상의 빛,8.00
2083,2022-03-27,원더풀 라이프,7.97
2084,2022-03-27,듄,7.96
2085,2022-03-27,파워 오브 도그,7.68
2086,2022-03-27,스펜서,7.66
2087,2022-03-27,언차티드,7.64
2088,2022-03-27,뜨거운 피,7.57
2089,2022-03-27,킹메이커,7.28
2090,2022-03-27,더 배트맨,7.23
2091,2022-03-27,안테벨룸,7.12
2092,2022-03-27,해적: 도깨비 깃발,5.61
2093,2022-03-27,문폴,5.49
2094,2022-03-27,인민을 위해 복무하라,5.12
2095,2022-03-28,씽2게더,9.41
2096,2022-03-28,패왕별희 디 오리지널,9.31
2097,2022-03-28,극장판 주술회전 0,9.29
2098,2022-03-28,해피 투게더,9.19
2099,2022-03-28,코다,9.16
2100,2022-03-28,키즈 리턴,8.94
2101,2022-03-28,아무도 모른다,8.88
2102,2022-03-28,"틱, 틱... 붐!",8.83
2103,2022-03-28,스파이더맨: 노 웨이 홈,8.83
2104,2022-03-28,화양연화,8.80
2105,2022-03-28,돈 룩 업,8.66
2106,2022-03-28,하나-비,8.56
2107,2022-03-28,드라이브 마이 카,8.47
2108,2022-03-28,아비정전,8.46
2109,2022-03-28,광대: 소리꾼,8.42
2110,2022-03-28,이상한 나라의 수학자,8.30
2111,2022-03-28,어나더 라운드,8.29
2112,2022-03-28,엔칸토: 마법의 세계,8.26
2113,2022-03-28,신비한 동물사전,8.18
2114,2022-03-28,나이트메어 앨리,8.14
2115,2022-03-28,환상의 빛,8.00
2116,2022-03-28,원더풀 라이프,7.97
2117,2022-03-28,듄,7.96
2118,2022-03-28,스펜서,7.67
2119,2022-03-28,파워 오브 도그,7.66
2120,2022-03-28,언차티드,7.64
2121,2022-03-28,뜨거운 피,7.55
2122,2022-03-28,킹메이커,7.28
2123,2022-03-28,더 배트맨,7.23
2124,2022-03-28,안테벨룸,7.11
2125,2022-03-28,해적: 도깨비 깃발,5.60
2126,2022-03-28,문폴,5.47
2127,2022-03-28,인민을 위해 복무하라,5.11
2128,2022-03-29,씽2게더,9.41
2129,2022-03-29,패왕별희 디 오리지널,9.31
2130,2022-03-29,극장판 주술회전 0,9.28
2131,2022-03-29,해피 투게더,9.19
2132,2022-03-29,코다,9.16
2133,2022-03-29,키즈 리턴,8.94
2134,2022-03-29,아무도 모른다,8.88
2135,2022-03-29,"틱, 틱... 붐!",8.83
2136,2022-03-29,스파이더맨: 노 웨이 홈,8.83
2137,2022-03-29,화양연화,8.80
2138,2022-03-29,돈 룩 업,8.66
2139,2022-03-29,하나-비,8.56
2140,2022-03-29,드라이브 마이 카,8.47
2141,2022-03-29,아비정전,8.45
2142,2022-03-29,광대: 소리꾼,8.42
2143,2022-03-29,이상한 나라의 수학자,8.31
2144,2022-03-29,어나더 라운드,8.29
2145,2022-03-29,엔칸토: 마법의 세계,8.26
2146,2022-03-29,신비한 동물사전,8.18
2147,2022-03-29,나이트메어 앨리,8.14
2148,2022-03-29,환상의 빛,8.00
2149,2022-03-29,원더풀 라이프,7.97
2150,2022-03-29,듄,7.96
2151,2022-03-29,스펜서,7.68
2152,2022-03-29,파워 오브 도그,7.66
2153,2022-03-29,언차티드,7.63
2154,2022-03-29,뜨거운 피,7.55
2155,2022-03-29,킹메이커,7.28
2156,2022-03-29,더 배트맨,7.23
2157,2022-03-29,안테벨룸,7.12
2158,2022-03-29,해적: 도깨비 깃발,5.60
2159,2022-03-29,문폴,5.47
2160,2022-03-29,인민을 위해 복무하라,5.11
2161,2022-03-30,씽2게더,9.41
2162,2022-03-30,패왕별희 디 오리지널,9.31
2163,2022-03-30,극장판 주술회전 0,9.28
2164,2022-03-30,해피 투게더,9.19
2165,2022-03-30,코다,9.16
2166,2022-03-30,키즈 리턴,8.94
2167,2022-03-30,아무도 모른다,8.88
2168,2022-03-30,스파이더맨: 노 웨이 홈,8.83
2169,2022-03-30,너의 이름은.,8.80
2170,2022-03-30,화양연화,8.80
2171,2022-03-30,하나-비,8.56
2172,2022-03-30,드라이브 마이 카,8.46
2173,2022-03-30,아비정전,8.45
2174,2022-03-30,초속5센티미터,8.36
2175,2022-03-30,이상한 나라의 수학자,8.31
2176,2022-03-30,어나더 라운드,8.30
2177,2022-03-30,나이트메어 앨리,8.14
2178,2022-03-30,환상의 빛,8.00
2179,2022-03-30,원더풀 라이프,7.97
2180,2022-03-30,듄,7.96
2181,2022-03-30,모비우스,7.73
2182,2022-03-30,스펜서,7.70
2183,2022-03-30,파워 오브 도그,7.67
2184,2022-03-30,언차티드,7.63
2185,2022-03-30,뜨거운 피,7.53
2186,2022-03-30,킹메이커,7.28
2187,2022-03-30,더 배트맨,7.24
2188,2022-03-30,해적: 도깨비 깃발,5.60
2189,2022-03-30,문폴,5.45
2190,2022-03-30,인민을 위해 복무하라,5.11
2191,2022-03-31,씽2게더,9.41
2192,2022-03-31,패왕별희 디 오리지널,9.31
2193,2022-03-31,극장판 주술회전 0,9.28
2194,2022-03-31,해피 투게더,9.19
2195,2022-03-31,코다,9.16
2196,2022-03-31,키즈 리턴,8.94
2197,2022-03-31,아무도 모른다,8.88
2198,2022-03-31,스파이더맨: 노 웨이 홈,8.83
2199,2022-03-31,너의 이름은.,8.80
2200,2022-03-31,화양연화,8.80
2201,2022-03-31,하나-비,8.56
2202,2022-03-31,목소리의 형태,8.48
2203,2022-03-31,아비정전,8.45
2204,2022-03-31,드라이브 마이 카,8.45
2205,2022-03-31,초속5센티미터,8.36
2206,2022-03-31,이상한 나라의 수학자,8.32
2207,2022-03-31,나이트메어 앨리,8.14
2208,2022-03-31,환상의 빛,8.00
2209,2022-03-31,원더풀 라이프,7.97
2210,2022-03-31,듄,7.95
2211,2022-03-31,모비우스,7.73
2212,2022-03-31,스펜서,7.71
2213,2022-03-31,파워 오브 도그,7.66
2214,2022-03-31,언차티드,7.63
2215,2022-03-31,뜨거운 피,7.53
2216,2022-03-31,킹메이커,7.28
2217,2022-03-31,더 배트맨,7.25
2218,2022-03-31,해적: 도깨비 깃발,5.60
2219,2022-03-31,문폴,5.43
2220,2022-03-31,인민을 위해 복무하라,5.11
2221,2022-04-01,씽2게더,9.41
2222,2022-04-01,패왕별희 디 오리지널,9.31
2223,2022-04-01,극장판 주술회전 0,9.27
2224,2022-04-01,해피 투게더,9.19
2225,2022-04-01,코다,9.16
2226,2022-04-01,키즈 리턴,8.94
2227,2022-04-01,아무도 모른다,8.88
2228,2022-04-01,스파이더맨: 노 웨이 홈,8.83
2229,2022-04-01,너의 이름은.,8.80
2230,2022-04-01,화양연화,8.80
2231,2022-04-01,하나-비,8.56
2232,2022-04-01,목소리의 형태,8.48
2233,2022-04-01,아비정전,8.45
2234,2022-04-01,드라이브 마이 카,8.44
2235,2022-04-01,초속5센티미터,8.36
2236,2022-04-01,이상한 나라의 수학자,8.32
2237,2022-04-01,나이트메어 앨리,8.13
2238,2022-04-01,환상의 빛,8.00
2239,2022-04-01,원더풀 라이프,7.97
2240,2022-04-01,듄,7.96
2241,2022-04-01,스펜서,7.72
2242,2022-04-01,파워 오브 도그,7.68
2243,2022-04-01,언차티드,7.63
2244,2022-04-01,뜨거운 피,7.52
2245,2022-04-01,모비우스,7.52
2246,2022-04-01,킹메이커,7.28
2247,2022-04-01,더 배트맨,7.25
2248,2022-04-01,해적: 도깨비 깃발,5.60
2249,2022-04-01,문폴,5.41
2250,2022-04-01,인민을 위해 복무하라,5.11
2251,2022-04-02,씽2게더,9.41
2252,2022-04-02,패왕별희 디 오리지널,9.31
2253,2022-04-02,극장판 주술회전 0,9.27
2254,2022-04-02,해피 투게더,9.19
2255,2022-04-02,코다,9.15
2256,2022-04-02,키즈 리턴,8.94
2257,2022-04-02,아무도 모른다,8.88
2258,2022-04-02,스파이더맨: 노 웨이 홈,8.83
2259,2022-04-02,화양연화,8.80
2260,2022-04-02,너의 이름은.,8.80
2261,2022-04-02,하나-비,8.56
2262,2022-04-02,목소리의 형태,8.48
2263,2022-04-02,아비정전,8.46
2264,2022-04-02,드라이브 마이 카,8.44
2265,2022-04-02,초속5센티미터,8.36
2266,2022-04-02,이상한 나라의 수학자,8.33
2267,2022-04-02,나이트메어 앨리,8.13
2268,2022-04-02,환상의 빛,8.00
2269,2022-04-02,원더풀 라이프,7.97
2270,2022-04-02,듄,7.96
2271,2022-04-02,스펜서,7.73
2272,2022-04-02,파워 오브 도그,7.67
2273,2022-04-02,언차티드,7.63
2274,2022-04-02,뜨거운 피,7.51
2275,2022-04-02,모비우스,7.41
2276,2022-04-02,킹메이커,7.28
2277,2022-04-02,더 배트맨,7.25
2278,2022-04-02,해적: 도깨비 깃발,5.59
2279,2022-04-02,문폴,5.36
2280,2022-04-02,인민을 위해 복무하라,5.12
2281,2022-04-03,씽2게더,9.41
2282,2022-04-03,패왕별희 디 오리지널,9.31
2283,2022-04-03,극장판 주술회전 0,9.27
2284,2022-04-03,해피 투게더,9.18
2285,2022-04-03,코다,9.15
2286,2022-04-03,키즈 리턴,8.95
2287,2022-04-03,아무도 모른다,8.88
2288,2022-04-03,스파이더맨: 노 웨이 홈,8.83
2289,2022-04-03,화양연화,8.80
2290,2022-04-03,너의 이름은.,8.80
2291,2022-04-03,하나-비,8.56
2292,2022-04-03,목소리의 형태,8.48
2293,2022-04-03,아비정전,8.46
2294,2022-04-03,드라이브 마이 카,8.44
2295,2022-04-03,초속5센티미터,8.36
2296,2022-04-03,이상한 나라의 수학자,8.34
2297,2022-04-03,나이트메어 앨리,8.11
2298,2022-04-03,환상의 빛,8.00
2299,2022-04-03,원더풀 라이프,7.98
2300,2022-04-03,듄,7.96
2301,2022-04-03,스펜서,7.74
2302,2022-04-03,파워 오브 도그,7.65
2303,2022-04-03,언차티드,7.63
2304,2022-04-03,뜨거운 피,7.51
2305,2022-04-03,모비우스,7.33
2306,2022-04-03,킹메이커,7.28
2307,2022-04-03,더 배트맨,7.25
2308,2022-04-03,해적: 도깨비 깃발,5.59
2309,2022-04-03,문폴,5.33
2310,2022-04-03,인민을 위해 복무하라,5.12
2311,2022-04-04,씽2게더,9.41
2312,2022-04-04,패왕별희 디 오리지널,9.31
2313,2022-04-04,극장판 주술회전 0,9.26
2314,2022-04-04,해피 투게더,9.18
2315,2022-04-04,코다,9.15
2316,2022-04-04,키즈 리턴,8.95
2317,2022-04-04,아무도 모른다,8.88
2318,2022-04-04,스파이더맨: 노 웨이 홈,8.83
2319,2022-04-04,화양연화,8.80
2320,2022-04-04,너의 이름은.,8.80
2321,2022-04-04,하나-비,8.56
2322,2022-04-04,목소리의 형태,8.48
2323,2022-04-04,아비정전,8.45
2324,2022-04-04,드라이브 마이 카,8.43
2325,2022-04-04,초속5센티미터,8.36
2326,2022-04-04,이상한 나라의 수학자,8.34
2327,2022-04-04,어나더 라운드,8.29
2328,2022-04-04,나이트메어 앨리,8.11
2329,2022-04-04,환상의 빛,8.00
2330,2022-04-04,원더풀 라이프,7.98
2331,2022-04-04,듄,7.96
2332,2022-04-04,스펜서,7.73
2333,2022-04-04,파워 오브 도그,7.66
2334,2022-04-04,언차티드,7.63
2335,2022-04-04,뜨거운 피,7.50
2336,2022-04-04,모비우스,7.32
2337,2022-04-04,킹메이커,7.28
2338,2022-04-04,더 배트맨,7.25
2339,2022-04-04,해적: 도깨비 깃발,5.59
2340,2022-04-04,문폴,5.30
2341,2022-04-05,씽2게더,9.41
2342,2022-04-05,패왕별희 디 오리지널,9.31
2343,2022-04-05,극장판 주술회전 0,9.25
2344,2022-04-05,해피 투게더,9.18
2345,2022-04-05,코다,9.15
2346,2022-04-05,키즈 리턴,8.95
2347,2022-04-05,아무도 모른다,8.88
2348,2022-04-05,스파이더맨: 노 웨이 홈,8.82
2349,2022-04-05,화양연화,8.80
2350,2022-04-05,너의 이름은.,8.80
2351,2022-04-05,하나-비,8.56
2352,2022-04-05,목소리의 형태,8.48
2353,2022-04-05,아비정전,8.45
2354,2022-04-05,드라이브 마이 카,8.44
2355,2022-04-05,초속5센티미터,8.36
2356,2022-04-05,이상한 나라의 수학자,8.34
2357,2022-04-05,어나더 라운드,8.30
2358,2022-04-05,나이트메어 앨리,8.13
2359,2022-04-05,환상의 빛,8.00
2360,2022-04-05,듄,7.95
2361,2022-04-05,스펜서,7.72
2362,2022-04-05,파워 오브 도그,7.65
2363,2022-04-05,언차티드,7.63
2364,2022-04-05,뜨거운 피,7.49
2365,2022-04-05,모비우스,7.33
2366,2022-04-05,킹메이커,7.28
2367,2022-04-05,더 배트맨,7.26
2368,2022-04-05,해적: 도깨비 깃발,5.59
2369,2022-04-05,문폴,5.29
2370,2022-04-05,배니싱: 미제사건,4.45
2371,2022-04-06,씽2게더,9.41
2372,2022-04-06,패왕별희 디 오리지널,9.31
2373,2022-04-06,극장판 주술회전 0,9.26
2374,2022-04-06,해피 투게더,9.18
2375,2022-04-06,코다,9.15
2376,2022-04-06,아무도 모른다,8.88
2377,2022-04-06,스파이더맨: 노 웨이 홈,8.82
2378,2022-04-06,화양연화,8.80
2379,2022-04-06,너의 이름은.,8.80
2380,2022-04-06,하나-비,8.56
2381,2022-04-06,목소리의 형태,8.48
2382,2022-04-06,태일이,8.45
2383,2022-04-06,아비정전,8.45
2384,2022-04-06,드라이브 마이 카,8.44
2385,2022-04-06,초속5센티미터,8.36
2386,2022-04-06,이상한 나라의 수학자,8.33
2387,2022-04-06,어나더 라운드,8.30
2388,2022-04-06,나이트메어 앨리,8.13
2389,2022-04-06,듄,7.95
2390,2022-04-06,스펜서,7.73
2391,2022-04-06,파워 오브 도그,7.65
2392,2022-04-06,언차티드,7.63
2393,2022-04-06,뜨거운 피,7.49
2394,2022-04-06,모비우스,7.31
2395,2022-04-06,킹메이커,7.28
2396,2022-04-06,더 배트맨,7.26
2397,2022-04-06,문폴,5.27
2398,2022-04-06,배니싱: 미제사건,4.43
2399,2022-04-07,씽2게더,9.40
2400,2022-04-07,패왕별희 디 오리지널,9.31
2401,2022-04-07,극장판 주술회전 0,9.26
2402,2022-04-07,해피 투게더,9.18
2403,2022-04-07,코다,9.15
2404,2022-04-07,아무도 모른다,8.87
2405,2022-04-07,스파이더맨: 노 웨이 홈,8.82
2406,2022-04-07,화양연화,8.80
2407,2022-04-07,너의 이름은.,8.80
2408,2022-04-07,하나-비,8.56
2409,2022-04-07,목소리의 형태,8.48
2410,2022-04-07,아비정전,8.45
2411,2022-04-07,드라이브 마이 카,8.44
2412,2022-04-07,광대: 소리꾼,8.43
2413,2022-04-07,초속5센티미터,8.36
2414,2022-04-07,이상한 나라의 수학자,8.33
2415,2022-04-07,어나더 라운드,8.30
2416,2022-04-07,나이트메어 앨리,8.12
2417,2022-04-07,날씨의 아이,7.96
2418,2022-04-07,듄,7.96
2419,2022-04-07,스펜서,7.73
2420,2022-04-07,파워 오브 도그,7.65
2421,2022-04-07,언차티드,7.63
2422,2022-04-07,뜨거운 피,7.48
2423,2022-04-07,모비우스,7.30
2424,2022-04-07,킹메이커,7.28
2425,2022-04-07,더 배트맨,7.26
2426,2022-04-07,문폴,5.26
2427,2022-04-07,배니싱: 미제사건,4.42
2428,2022-04-08,씽2게더,9.40
2429,2022-04-08,패왕별희 디 오리지널,9.31
2430,2022-04-08,극장판 주술회전 0,9.25
2431,2022-04-08,해피 투게더,9.18
2432,2022-04-08,코다,9.14
2433,2022-04-08,키즈 리턴,8.95
2434,2022-04-08,스파이더맨: 노 웨이 홈,8.82
2435,2022-04-08,화양연화,8.80
2436,2022-04-08,너의 이름은.,8.80
2437,2022-04-08,목소리의 형태,8.48
2438,2022-04-08,아비정전,8.45
2439,2022-04-08,드라이브 마이 카,8.44
2440,2022-04-08,초속5센티미터,8.36
2441,2022-04-08,이상한 나라의 수학자,8.33
2442,2022-04-08,어나더 라운드,8.30
2443,2022-04-08,나이트메어 앨리,8.13
2444,2022-04-08,날씨의 아이,7.96
2445,2022-04-08,듄,7.96
2446,2022-04-08,스펜서,7.73
2447,2022-04-08,파워 오브 도그,7.64
2448,2022-04-08,스텔라,7.64
2449,2022-04-08,언차티드,7.63
2450,2022-04-08,뜨거운 피,7.47
2451,2022-04-08,모비우스,7.29
2452,2022-04-08,킹메이커,7.28
2453,2022-04-08,더 배트맨,7.26
2454,2022-04-08,문폴,5.24
2455,2022-04-08,배니싱: 미제사건,4.40
2456,2022-04-09,씽2게더,9.40
2457,2022-04-09,패왕별희 디 오리지널,9.31
2458,2022-04-09,극장판 주술회전 0,9.26
2459,2022-04-09,해피 투게더,9.18
2460,2022-04-09,코다,9.14
2461,2022-04-09,키즈 리턴,8.95
2462,2022-04-09,스파이더맨: 노 웨이 홈,8.82
2463,2022-04-09,너의 이름은.,8.80
2464,2022-04-09,화양연화,8.80
2465,2022-04-09,목소리의 형태,8.48
2466,2022-04-09,아비정전,8.45
2467,2022-04-09,드라이브 마이 카,8.44
2468,2022-04-09,초속5센티미터,8.36
2469,2022-04-09,이상한 나라의 수학자,8.34
2470,2022-04-09,어나더 라운드,8.30
2471,2022-04-09,나이트메어 앨리,8.13
2472,2022-04-09,날씨의 아이,7.96
2473,2022-04-09,듄,7.96
2474,2022-04-09,스펜서,7.73
2475,2022-04-09,파워 오브 도그,7.64
2476,2022-04-09,언차티드,7.63
2477,2022-04-09,뜨거운 피,7.46
2478,2022-04-09,앰뷸런스,7.33
2479,2022-04-09,킹메이커,7.28
2480,2022-04-09,모비우스,7.27
2481,2022-04-09,스텔라,7.26
2482,2022-04-09,더 배트맨,7.26
2483,2022-04-09,문폴,5.22
2484,2022-04-09,배니싱: 미제사건,4.33
2485,2022-04-10,씽2게더,9.40
2486,2022-04-10,패왕별희 디 오리지널,9.31
2487,2022-04-10,극장판 주술회전 0,9.26
2488,2022-04-10,해피 투게더,9.18
2489,2022-04-10,코다,9.14
2490,2022-04-10,키즈 리턴,8.95
2491,2022-04-10,스파이더맨: 노 웨이 홈,8.82
2492,2022-04-10,화양연화,8.80
2493,2022-04-10,너의 이름은.,8.80
2494,2022-04-10,목소리의 형태,8.48
2495,2022-04-10,아비정전,8.45
2496,2022-04-10,드라이브 마이 카,8.44
2497,2022-04-10,초속5센티미터,8.36
2498,2022-04-10,이상한 나라의 수학자,8.34
2499,2022-04-10,어나더 라운드,8.30
2500,2022-04-10,나이트메어 앨리,8.12
2501,2022-04-10,날씨의 아이,7.96
2502,2022-04-10,듄,7.95
2503,2022-04-10,스펜서,7.73
2504,2022-04-10,파워 오브 도그,7.64
2505,2022-04-10,언차티드,7.63
2506,2022-04-10,뜨거운 피,7.45
2507,2022-04-10,킹메이커,7.28
2508,2022-04-10,더 배트맨,7.26
2509,2022-04-10,모비우스,7.24
2510,2022-04-10,앰뷸런스,7.19
2511,2022-04-10,스텔라,6.76
2512,2022-04-10,문폴,5.22
2513,2022-04-10,배니싱: 미제사건,4.33
